"filename", "language", "reStructuredText", "YAML", "Shell Script", "Ini", "Python", "Docker", "Markdown", "JSON", "Makefile", "Properties", "HTML", "C++", "XML", "PostCSS", "pip requirements", "Batch", "comment", "blank", "total"
"c:\Users\floor\OneDrive - University of Twente\Documenten\mod 12\ModernityAndCodeQualityResearch\GithubAPI\python_repos\aiohttp\.codecov.yml", "YAML", 0, 48, 0, 0, 0, 0, 0, 0, 0, 0, 0, 0, 0, 0, 0, 0, 0, 6, 54
"c:\Users\floor\OneDrive - University of Twente\Documenten\mod 12\ModernityAndCodeQualityResearch\GithubAPI\python_repos\aiohttp\.github\FUNDING.yml", "YAML", 0, 10, 0, 0, 0, 0, 0, 0, 0, 0, 0, 0, 0, 0, 0, 0, 0, 3, 13
"c:\Users\floor\OneDrive - University of Twente\Documenten\mod 12\ModernityAndCodeQualityResearch\GithubAPI\python_repos\aiohttp\.github\ISSUE_TEMPLATE.md", "Markdown", 0, 0, 0, 0, 0, 0, 5, 0, 0, 0, 0, 0, 0, 0, 0, 0, 16, 10, 31
"c:\Users\floor\OneDrive - University of Twente\Documenten\mod 12\ModernityAndCodeQualityResearch\GithubAPI\python_repos\aiohttp\.github\ISSUE_TEMPLATE\bug_report.yml", "YAML", 0, 135, 0, 0, 0, 0, 0, 0, 0, 0, 0, 0, 0, 0, 0, 0, 0, 15, 150
"c:\Users\floor\OneDrive - University of Twente\Documenten\mod 12\ModernityAndCodeQualityResearch\GithubAPI\python_repos\aiohttp\.github\ISSUE_TEMPLATE\config.yml", "YAML", 0, 11, 0, 0, 0, 0, 0, 0, 0, 0, 0, 0, 0, 0, 0, 0, 1, 1, 13
"c:\Users\floor\OneDrive - University of Twente\Documenten\mod 12\ModernityAndCodeQualityResearch\GithubAPI\python_repos\aiohttp\.github\ISSUE_TEMPLATE\feature_request.yml", "YAML", 0, 65, 0, 0, 0, 0, 0, 0, 0, 0, 0, 0, 0, 0, 0, 0, 0, 11, 76
"c:\Users\floor\OneDrive - University of Twente\Documenten\mod 12\ModernityAndCodeQualityResearch\GithubAPI\python_repos\aiohttp\.github\PULL_REQUEST_TEMPLATE.md", "Markdown", 0, 0, 0, 0, 0, 0, 42, 0, 0, 0, 0, 0, 0, 0, 0, 0, 16, 12, 70
"c:\Users\floor\OneDrive - University of Twente\Documenten\mod 12\ModernityAndCodeQualityResearch\GithubAPI\python_repos\aiohttp\.github\codeql.yml", "YAML", 0, 5, 0, 0, 0, 0, 0, 0, 0, 0, 0, 0, 0, 0, 0, 0, 0, 1, 6
"c:\Users\floor\OneDrive - University of Twente\Documenten\mod 12\ModernityAndCodeQualityResearch\GithubAPI\python_repos\aiohttp\.github\config.yml", "YAML", 0, 8, 0, 0, 0, 0, 0, 0, 0, 0, 0, 0, 0, 0, 0, 0, 0, 1, 9
"c:\Users\floor\OneDrive - University of Twente\Documenten\mod 12\ModernityAndCodeQualityResearch\GithubAPI\python_repos\aiohttp\.github\dependabot.yml", "YAML", 0, 48, 0, 0, 0, 0, 0, 0, 0, 0, 0, 0, 0, 0, 0, 0, 4, 7, 59
"c:\Users\floor\OneDrive - University of Twente\Documenten\mod 12\ModernityAndCodeQualityResearch\GithubAPI\python_repos\aiohttp\.github\lock.yml", "YAML", 0, 7, 0, 0, 0, 0, 0, 0, 0, 0, 0, 0, 0, 0, 0, 0, 22, 11, 40
"c:\Users\floor\OneDrive - University of Twente\Documenten\mod 12\ModernityAndCodeQualityResearch\GithubAPI\python_repos\aiohttp\.github\workflows\auto-merge.yml", "YAML", 0, 20, 0, 0, 0, 0, 0, 0, 0, 0, 0, 0, 0, 0, 0, 0, 0, 3, 23
"c:\Users\floor\OneDrive - University of Twente\Documenten\mod 12\ModernityAndCodeQualityResearch\GithubAPI\python_repos\aiohttp\.github\workflows\ci-cd.yml", "YAML", 0, 671, 0, 0, 0, 0, 0, 0, 0, 0, 0, 0, 0, 0, 0, 0, 15, 35, 721
"c:\Users\floor\OneDrive - University of Twente\Documenten\mod 12\ModernityAndCodeQualityResearch\GithubAPI\python_repos\aiohttp\.github\workflows\codeql.yml", "YAML", 0, 38, 0, 0, 0, 0, 0, 0, 0, 0, 0, 0, 0, 0, 0, 0, 0, 8, 46
"c:\Users\floor\OneDrive - University of Twente\Documenten\mod 12\ModernityAndCodeQualityResearch\GithubAPI\python_repos\aiohttp\.github\workflows\label-remove.yml", "YAML", 0, 21, 0, 0, 0, 0, 0, 0, 0, 0, 0, 0, 0, 0, 0, 0, 0, 3, 24
"c:\Users\floor\OneDrive - University of Twente\Documenten\mod 12\ModernityAndCodeQualityResearch\GithubAPI\python_repos\aiohttp\.github\workflows\labels.yml", "YAML", 0, 23, 0, 0, 0, 0, 0, 0, 0, 0, 0, 0, 0, 0, 0, 0, 0, 2, 25
"c:\Users\floor\OneDrive - University of Twente\Documenten\mod 12\ModernityAndCodeQualityResearch\GithubAPI\python_repos\aiohttp\.github\workflows\stale.yml", "YAML", 0, 14, 0, 0, 0, 0, 0, 0, 0, 0, 0, 0, 0, 0, 0, 0, 0, 3, 17
"c:\Users\floor\OneDrive - University of Twente\Documenten\mod 12\ModernityAndCodeQualityResearch\GithubAPI\python_repos\aiohttp\.lgtm.yml", "YAML", 0, 2, 0, 0, 0, 0, 0, 0, 0, 0, 0, 0, 0, 0, 0, 0, 0, 1, 3
"c:\Users\floor\OneDrive - University of Twente\Documenten\mod 12\ModernityAndCodeQualityResearch\GithubAPI\python_repos\aiohttp\.mypy.ini", "Ini", 0, 0, 0, 35, 0, 0, 0, 0, 0, 0, 0, 0, 0, 0, 0, 0, 0, 4, 39
"c:\Users\floor\OneDrive - University of Twente\Documenten\mod 12\ModernityAndCodeQualityResearch\GithubAPI\python_repos\aiohttp\.pre-commit-config.yaml", "YAML", 0, 127, 0, 0, 0, 0, 0, 0, 0, 0, 0, 0, 0, 0, 0, 0, 1, 1, 129
"c:\Users\floor\OneDrive - University of Twente\Documenten\mod 12\ModernityAndCodeQualityResearch\GithubAPI\python_repos\aiohttp\.readthedocs.yml", "YAML", 0, 21, 0, 0, 0, 0, 0, 0, 0, 0, 0, 0, 0, 0, 0, 0, 4, 7, 32
"c:\Users\floor\OneDrive - University of Twente\Documenten\mod 12\ModernityAndCodeQualityResearch\GithubAPI\python_repos\aiohttp\CHANGES.rst", "reStructuredText", 4706, 0, 0, 0, 0, 0, 0, 0, 0, 0, 0, 0, 0, 0, 0, 0, 7, 3732, 8445
"c:\Users\floor\OneDrive - University of Twente\Documenten\mod 12\ModernityAndCodeQualityResearch\GithubAPI\python_repos\aiohttp\CHANGES\.TEMPLATE.rst", "reStructuredText", 69, 0, 0, 0, 0, 0, 0, 0, 0, 0, 0, 0, 0, 0, 0, 0, 0, 14, 83
"c:\Users\floor\OneDrive - University of Twente\Documenten\mod 12\ModernityAndCodeQualityResearch\GithubAPI\python_repos\aiohttp\CHANGES\10468.doc.rst", "reStructuredText", 3, 0, 0, 0, 0, 0, 0, 0, 0, 0, 0, 0, 0, 0, 0, 0, 0, 1, 4
"c:\Users\floor\OneDrive - University of Twente\Documenten\mod 12\ModernityAndCodeQualityResearch\GithubAPI\python_repos\aiohttp\CHANGES\10549.misc.rst", "reStructuredText", 1, 0, 0, 0, 0, 0, 0, 0, 0, 0, 0, 0, 0, 0, 0, 0, 0, 1, 2
"c:\Users\floor\OneDrive - University of Twente\Documenten\mod 12\ModernityAndCodeQualityResearch\GithubAPI\python_repos\aiohttp\CHANGES\10600.bugfix.rst", "reStructuredText", 2, 0, 0, 0, 0, 0, 0, 0, 0, 0, 0, 0, 0, 0, 0, 0, 0, 1, 3
"c:\Users\floor\OneDrive - University of Twente\Documenten\mod 12\ModernityAndCodeQualityResearch\GithubAPI\python_repos\aiohttp\CHANGES\10611.bugfix.rst", "reStructuredText", 3, 0, 0, 0, 0, 0, 0, 0, 0, 0, 0, 0, 0, 0, 0, 0, 0, 1, 4
"c:\Users\floor\OneDrive - University of Twente\Documenten\mod 12\ModernityAndCodeQualityResearch\GithubAPI\python_repos\aiohttp\CHANGES\10665.feature.rst", "reStructuredText", 1, 0, 0, 0, 0, 0, 0, 0, 0, 0, 0, 0, 0, 0, 0, 0, 0, 1, 2
"c:\Users\floor\OneDrive - University of Twente\Documenten\mod 12\ModernityAndCodeQualityResearch\GithubAPI\python_repos\aiohttp\CHANGES\10683.bugfix.rst", "reStructuredText", 1, 0, 0, 0, 0, 0, 0, 0, 0, 0, 0, 0, 0, 0, 0, 0, 0, 1, 2
"c:\Users\floor\OneDrive - University of Twente\Documenten\mod 12\ModernityAndCodeQualityResearch\GithubAPI\python_repos\aiohttp\CHANGES\10753.bugfix.rst", "reStructuredText", 1, 0, 0, 0, 0, 0, 0, 0, 0, 0, 0, 0, 0, 0, 0, 0, 0, 1, 2
"c:\Users\floor\OneDrive - University of Twente\Documenten\mod 12\ModernityAndCodeQualityResearch\GithubAPI\python_repos\aiohttp\CHANGES\10795.doc.rst", "reStructuredText", 4, 0, 0, 0, 0, 0, 0, 0, 0, 0, 0, 0, 0, 0, 0, 0, 0, 1, 5
"c:\Users\floor\OneDrive - University of Twente\Documenten\mod 12\ModernityAndCodeQualityResearch\GithubAPI\python_repos\aiohttp\CHANGES\11012.breaking.rst", "reStructuredText", 7, 0, 0, 0, 0, 0, 0, 0, 0, 0, 0, 0, 0, 0, 0, 0, 0, 3, 10
"c:\Users\floor\OneDrive - University of Twente\Documenten\mod 12\ModernityAndCodeQualityResearch\GithubAPI\python_repos\aiohttp\CHANGES\11268.feature.rst", "reStructuredText", 2, 0, 0, 0, 0, 0, 0, 0, 0, 0, 0, 0, 0, 0, 0, 0, 0, 1, 3
"c:\Users\floor\OneDrive - University of Twente\Documenten\mod 12\ModernityAndCodeQualityResearch\GithubAPI\python_repos\aiohttp\CHANGES\11601.breaking.rst", "reStructuredText", 1, 0, 0, 0, 0, 0, 0, 0, 0, 0, 0, 0, 0, 0, 0, 0, 0, 1, 2
"c:\Users\floor\OneDrive - University of Twente\Documenten\mod 12\ModernityAndCodeQualityResearch\GithubAPI\python_repos\aiohttp\CHANGES\11681.feature.rst", "reStructuredText", 5, 0, 0, 0, 0, 0, 0, 0, 0, 0, 0, 0, 0, 0, 0, 0, 0, 2, 7
"c:\Users\floor\OneDrive - University of Twente\Documenten\mod 12\ModernityAndCodeQualityResearch\GithubAPI\python_repos\aiohttp\CHANGES\11761.bugfix.rst", "reStructuredText", 4, 0, 0, 0, 0, 0, 0, 0, 0, 0, 0, 0, 0, 0, 0, 0, 0, 1, 5
"c:\Users\floor\OneDrive - University of Twente\Documenten\mod 12\ModernityAndCodeQualityResearch\GithubAPI\python_repos\aiohttp\CHANGES\11763.feature.rst", "reStructuredText", 1, 0, 0, 0, 0, 0, 0, 0, 0, 0, 0, 0, 0, 0, 0, 0, 0, 1, 2
"c:\Users\floor\OneDrive - University of Twente\Documenten\mod 12\ModernityAndCodeQualityResearch\GithubAPI\python_repos\aiohttp\CHANGES\11764.feature.rst", "reStructuredText", 1, 0, 0, 0, 0, 0, 0, 0, 0, 0, 0, 0, 0, 0, 0, 0, 0, 0, 1
"c:\Users\floor\OneDrive - University of Twente\Documenten\mod 12\ModernityAndCodeQualityResearch\GithubAPI\python_repos\aiohttp\CHANGES\11766.feature.rst", "reStructuredText", 4, 0, 0, 0, 0, 0, 0, 0, 0, 0, 0, 0, 0, 0, 0, 0, 0, 1, 5
"c:\Users\floor\OneDrive - University of Twente\Documenten\mod 12\ModernityAndCodeQualityResearch\GithubAPI\python_repos\aiohttp\CHANGES\11776.misc.rst", "reStructuredText", 2, 0, 0, 0, 0, 0, 0, 0, 0, 0, 0, 0, 0, 0, 0, 0, 0, 1, 3
"c:\Users\floor\OneDrive - University of Twente\Documenten\mod 12\ModernityAndCodeQualityResearch\GithubAPI\python_repos\aiohttp\CHANGES\11826.contrib.rst", "reStructuredText", 6, 0, 0, 0, 0, 0, 0, 0, 0, 0, 0, 0, 0, 0, 0, 0, 0, 2, 8
"c:\Users\floor\OneDrive - University of Twente\Documenten\mod 12\ModernityAndCodeQualityResearch\GithubAPI\python_repos\aiohttp\CHANGES\11876.misc.rst", "reStructuredText", 1, 0, 0, 0, 0, 0, 0, 0, 0, 0, 0, 0, 0, 0, 0, 0, 0, 1, 2
"c:\Users\floor\OneDrive - University of Twente\Documenten\mod 12\ModernityAndCodeQualityResearch\GithubAPI\python_repos\aiohttp\CHANGES\11937.misc.rst", "reStructuredText", 2, 0, 0, 0, 0, 0, 0, 0, 0, 0, 0, 0, 0, 0, 0, 0, 0, 1, 3
"c:\Users\floor\OneDrive - University of Twente\Documenten\mod 12\ModernityAndCodeQualityResearch\GithubAPI\python_repos\aiohttp\CHANGES\11966.feature.rst", "reStructuredText", 6, 0, 0, 0, 0, 0, 0, 0, 0, 0, 0, 0, 0, 0, 0, 0, 0, 3, 9
"c:\Users\floor\OneDrive - University of Twente\Documenten\mod 12\ModernityAndCodeQualityResearch\GithubAPI\python_repos\aiohttp\CHANGES\11989.feature.rst", "reStructuredText", 7, 0, 0, 0, 0, 0, 0, 0, 0, 0, 0, 0, 0, 0, 0, 0, 0, 1, 8
"c:\Users\floor\OneDrive - University of Twente\Documenten\mod 12\ModernityAndCodeQualityResearch\GithubAPI\python_repos\aiohttp\CHANGES\12011.bugfix.rst", "reStructuredText", 1, 0, 0, 0, 0, 0, 0, 0, 0, 0, 0, 0, 0, 0, 0, 0, 0, 1, 2
"c:\Users\floor\OneDrive - University of Twente\Documenten\mod 12\ModernityAndCodeQualityResearch\GithubAPI\python_repos\aiohttp\CHANGES\12030.bugfix.rst", "reStructuredText", 2, 0, 0, 0, 0, 0, 0, 0, 0, 0, 0, 0, 0, 0, 0, 0, 0, 1, 3
"c:\Users\floor\OneDrive - University of Twente\Documenten\mod 12\ModernityAndCodeQualityResearch\GithubAPI\python_repos\aiohttp\CHANGES\12088.bugfix.rst", "reStructuredText", 1, 0, 0, 0, 0, 0, 0, 0, 0, 0, 0, 0, 0, 0, 0, 0, 0, 1, 2
"c:\Users\floor\OneDrive - University of Twente\Documenten\mod 12\ModernityAndCodeQualityResearch\GithubAPI\python_repos\aiohttp\CHANGES\12111.breaking.rst", "reStructuredText", 3, 0, 0, 0, 0, 0, 0, 0, 0, 0, 0, 0, 0, 0, 0, 0, 0, 1, 4
"c:\Users\floor\OneDrive - University of Twente\Documenten\mod 12\ModernityAndCodeQualityResearch\GithubAPI\python_repos\aiohttp\CHANGES\12173.contrib.rst", "reStructuredText", 1, 0, 0, 0, 0, 0, 0, 0, 0, 0, 0, 0, 0, 0, 0, 0, 0, 1, 2
"c:\Users\floor\OneDrive - University of Twente\Documenten\mod 12\ModernityAndCodeQualityResearch\GithubAPI\python_repos\aiohttp\CHANGES\12195.bugfix.rst", "reStructuredText", 2, 0, 0, 0, 0, 0, 0, 0, 0, 0, 0, 0, 0, 0, 0, 0, 0, 1, 3
"c:\Users\floor\OneDrive - University of Twente\Documenten\mod 12\ModernityAndCodeQualityResearch\GithubAPI\python_repos\aiohttp\CHANGES\12234.bugfix.rst", "reStructuredText", 2, 0, 0, 0, 0, 0, 0, 0, 0, 0, 0, 0, 0, 0, 0, 0, 0, 1, 3
"c:\Users\floor\OneDrive - University of Twente\Documenten\mod 12\ModernityAndCodeQualityResearch\GithubAPI\python_repos\aiohttp\CHANGES\12281.bugfix.rst", "reStructuredText", 1, 0, 0, 0, 0, 0, 0, 0, 0, 0, 0, 0, 0, 0, 0, 0, 0, 1, 2
"c:\Users\floor\OneDrive - University of Twente\Documenten\mod 12\ModernityAndCodeQualityResearch\GithubAPI\python_repos\aiohttp\CHANGES\12312.bugfix.rst", "reStructuredText", 1, 0, 0, 0, 0, 0, 0, 0, 0, 0, 0, 0, 0, 0, 0, 0, 0, 1, 2
"c:\Users\floor\OneDrive - University of Twente\Documenten\mod 12\ModernityAndCodeQualityResearch\GithubAPI\python_repos\aiohttp\CHANGES\12349.contrib.rst", "reStructuredText", 1, 0, 0, 0, 0, 0, 0, 0, 0, 0, 0, 0, 0, 0, 0, 0, 0, 1, 2
"c:\Users\floor\OneDrive - University of Twente\Documenten\mod 12\ModernityAndCodeQualityResearch\GithubAPI\python_repos\aiohttp\CHANGES\12358.misc.rst", "reStructuredText", 1, 0, 0, 0, 0, 0, 0, 0, 0, 0, 0, 0, 0, 0, 0, 0, 0, 1, 2
"c:\Users\floor\OneDrive - University of Twente\Documenten\mod 12\ModernityAndCodeQualityResearch\GithubAPI\python_repos\aiohttp\CHANGES\12364.contrib.rst", "reStructuredText", 1, 0, 0, 0, 0, 0, 0, 0, 0, 0, 0, 0, 0, 0, 0, 0, 0, 1, 2
"c:\Users\floor\OneDrive - University of Twente\Documenten\mod 12\ModernityAndCodeQualityResearch\GithubAPI\python_repos\aiohttp\CHANGES\2835.breaking.rst", "reStructuredText", 1, 0, 0, 0, 0, 0, 0, 0, 0, 0, 0, 0, 0, 0, 0, 0, 0, 1, 2
"c:\Users\floor\OneDrive - University of Twente\Documenten\mod 12\ModernityAndCodeQualityResearch\GithubAPI\python_repos\aiohttp\CHANGES\2977.breaking.rst", "reStructuredText", 1, 0, 0, 0, 0, 0, 0, 0, 0, 0, 0, 0, 0, 0, 0, 0, 0, 1, 2
"c:\Users\floor\OneDrive - University of Twente\Documenten\mod 12\ModernityAndCodeQualityResearch\GithubAPI\python_repos\aiohttp\CHANGES\3463.breaking.rst", "reStructuredText", 1, 0, 0, 0, 0, 0, 0, 0, 0, 0, 0, 0, 0, 0, 0, 0, 0, 1, 2
"c:\Users\floor\OneDrive - University of Twente\Documenten\mod 12\ModernityAndCodeQualityResearch\GithubAPI\python_repos\aiohttp\CHANGES\3538.breaking.rst", "reStructuredText", 1, 0, 0, 0, 0, 0, 0, 0, 0, 0, 0, 0, 0, 0, 0, 0, 0, 1, 2
"c:\Users\floor\OneDrive - University of Twente\Documenten\mod 12\ModernityAndCodeQualityResearch\GithubAPI\python_repos\aiohttp\CHANGES\3539.breaking.rst", "reStructuredText", 1, 0, 0, 0, 0, 0, 0, 0, 0, 0, 0, 0, 0, 0, 0, 0, 0, 1, 2
"c:\Users\floor\OneDrive - University of Twente\Documenten\mod 12\ModernityAndCodeQualityResearch\GithubAPI\python_repos\aiohttp\CHANGES\3542.breaking.rst", "reStructuredText", 1, 0, 0, 0, 0, 0, 0, 0, 0, 0, 0, 0, 0, 0, 0, 0, 0, 1, 2
"c:\Users\floor\OneDrive - University of Twente\Documenten\mod 12\ModernityAndCodeQualityResearch\GithubAPI\python_repos\aiohttp\CHANGES\3547.breaking.rst", "reStructuredText", 1, 0, 0, 0, 0, 0, 0, 0, 0, 0, 0, 0, 0, 0, 0, 0, 0, 1, 2
"c:\Users\floor\OneDrive - University of Twente\Documenten\mod 12\ModernityAndCodeQualityResearch\GithubAPI\python_repos\aiohttp\CHANGES\3548.breaking.rst", "reStructuredText", 1, 0, 0, 0, 0, 0, 0, 0, 0, 0, 0, 0, 0, 0, 0, 0, 0, 1, 2
"c:\Users\floor\OneDrive - University of Twente\Documenten\mod 12\ModernityAndCodeQualityResearch\GithubAPI\python_repos\aiohttp\CHANGES\3580.breaking.rst", "reStructuredText", 3, 0, 0, 0, 0, 0, 0, 0, 0, 0, 0, 0, 0, 0, 0, 0, 0, 1, 4
"c:\Users\floor\OneDrive - University of Twente\Documenten\mod 12\ModernityAndCodeQualityResearch\GithubAPI\python_repos\aiohttp\CHANGES\3890.breaking.rst", "reStructuredText", 1, 0, 0, 0, 0, 0, 0, 0, 0, 0, 0, 0, 0, 0, 0, 0, 0, 1, 2
"c:\Users\floor\OneDrive - University of Twente\Documenten\mod 12\ModernityAndCodeQualityResearch\GithubAPI\python_repos\aiohttp\CHANGES\3901.breaking.rst", "reStructuredText", 1, 0, 0, 0, 0, 0, 0, 0, 0, 0, 0, 0, 0, 0, 0, 0, 0, 1, 2
"c:\Users\floor\OneDrive - University of Twente\Documenten\mod 12\ModernityAndCodeQualityResearch\GithubAPI\python_repos\aiohttp\CHANGES\3929.breaking.rst", "reStructuredText", 1, 0, 0, 0, 0, 0, 0, 0, 0, 0, 0, 0, 0, 0, 0, 0, 0, 1, 2
"c:\Users\floor\OneDrive - University of Twente\Documenten\mod 12\ModernityAndCodeQualityResearch\GithubAPI\python_repos\aiohttp\CHANGES\3931.breaking.rst", "reStructuredText", 1, 0, 0, 0, 0, 0, 0, 0, 0, 0, 0, 0, 0, 0, 0, 0, 0, 1, 2
"c:\Users\floor\OneDrive - University of Twente\Documenten\mod 12\ModernityAndCodeQualityResearch\GithubAPI\python_repos\aiohttp\CHANGES\3932.breaking.rst", "reStructuredText", 1, 0, 0, 0, 0, 0, 0, 0, 0, 0, 0, 0, 0, 0, 0, 0, 0, 1, 2
"c:\Users\floor\OneDrive - University of Twente\Documenten\mod 12\ModernityAndCodeQualityResearch\GithubAPI\python_repos\aiohttp\CHANGES\3933.breaking.rst", "reStructuredText", 1, 0, 0, 0, 0, 0, 0, 0, 0, 0, 0, 0, 0, 0, 0, 0, 0, 1, 2
"c:\Users\floor\OneDrive - University of Twente\Documenten\mod 12\ModernityAndCodeQualityResearch\GithubAPI\python_repos\aiohttp\CHANGES\3934.breaking.rst", "reStructuredText", 1, 0, 0, 0, 0, 0, 0, 0, 0, 0, 0, 0, 0, 0, 0, 0, 0, 1, 2
"c:\Users\floor\OneDrive - University of Twente\Documenten\mod 12\ModernityAndCodeQualityResearch\GithubAPI\python_repos\aiohttp\CHANGES\3935.breaking.rst", "reStructuredText", 1, 0, 0, 0, 0, 0, 0, 0, 0, 0, 0, 0, 0, 0, 0, 0, 0, 1, 2
"c:\Users\floor\OneDrive - University of Twente\Documenten\mod 12\ModernityAndCodeQualityResearch\GithubAPI\python_repos\aiohttp\CHANGES\3939.breaking.rst", "reStructuredText", 1, 0, 0, 0, 0, 0, 0, 0, 0, 0, 0, 0, 0, 0, 0, 0, 0, 1, 2
"c:\Users\floor\OneDrive - University of Twente\Documenten\mod 12\ModernityAndCodeQualityResearch\GithubAPI\python_repos\aiohttp\CHANGES\3940.breaking.rst", "reStructuredText", 1, 0, 0, 0, 0, 0, 0, 0, 0, 0, 0, 0, 0, 0, 0, 0, 0, 1, 2
"c:\Users\floor\OneDrive - University of Twente\Documenten\mod 12\ModernityAndCodeQualityResearch\GithubAPI\python_repos\aiohttp\CHANGES\3942.breaking.rst", "reStructuredText", 1, 0, 0, 0, 0, 0, 0, 0, 0, 0, 0, 0, 0, 0, 0, 0, 0, 1, 2
"c:\Users\floor\OneDrive - University of Twente\Documenten\mod 12\ModernityAndCodeQualityResearch\GithubAPI\python_repos\aiohttp\CHANGES\3948.breaking.rst", "reStructuredText", 1, 0, 0, 0, 0, 0, 0, 0, 0, 0, 0, 0, 0, 0, 0, 0, 0, 1, 2
"c:\Users\floor\OneDrive - University of Twente\Documenten\mod 12\ModernityAndCodeQualityResearch\GithubAPI\python_repos\aiohttp\CHANGES\5278.breaking.rst", "reStructuredText", 1, 0, 0, 0, 0, 0, 0, 0, 0, 0, 0, 0, 0, 0, 0, 0, 0, 1, 2
"c:\Users\floor\OneDrive - University of Twente\Documenten\mod 12\ModernityAndCodeQualityResearch\GithubAPI\python_repos\aiohttp\CHANGES\5284.breaking.rst", "reStructuredText", 1, 0, 0, 0, 0, 0, 0, 0, 0, 0, 0, 0, 0, 0, 0, 0, 0, 1, 2
"c:\Users\floor\OneDrive - University of Twente\Documenten\mod 12\ModernityAndCodeQualityResearch\GithubAPI\python_repos\aiohttp\CHANGES\7107.breaking.rst", "reStructuredText", 1, 0, 0, 0, 0, 0, 0, 0, 0, 0, 0, 0, 0, 0, 0, 0, 0, 1, 2
"c:\Users\floor\OneDrive - University of Twente\Documenten\mod 12\ModernityAndCodeQualityResearch\GithubAPI\python_repos\aiohttp\CHANGES\7265.breaking.rst", "reStructuredText", 1, 0, 0, 0, 0, 0, 0, 0, 0, 0, 0, 0, 0, 0, 0, 0, 0, 1, 2
"c:\Users\floor\OneDrive - University of Twente\Documenten\mod 12\ModernityAndCodeQualityResearch\GithubAPI\python_repos\aiohttp\CHANGES\7319.breaking.rst", "reStructuredText", 1, 0, 0, 0, 0, 0, 0, 0, 0, 0, 0, 0, 0, 0, 0, 0, 0, 0, 1
"c:\Users\floor\OneDrive - University of Twente\Documenten\mod 12\ModernityAndCodeQualityResearch\GithubAPI\python_repos\aiohttp\CHANGES\7319.feature.rst", "reStructuredText", 9, 0, 0, 0, 0, 0, 0, 0, 0, 0, 0, 0, 0, 0, 0, 0, 0, 4, 13
"c:\Users\floor\OneDrive - University of Twente\Documenten\mod 12\ModernityAndCodeQualityResearch\GithubAPI\python_repos\aiohttp\CHANGES\8048.breaking.rst", "reStructuredText", 1, 0, 0, 0, 0, 0, 0, 0, 0, 0, 0, 0, 0, 0, 0, 0, 0, 1, 2
"c:\Users\floor\OneDrive - University of Twente\Documenten\mod 12\ModernityAndCodeQualityResearch\GithubAPI\python_repos\aiohttp\CHANGES\8139.contrib.rst", "reStructuredText", 1, 0, 0, 0, 0, 0, 0, 0, 0, 0, 0, 0, 0, 0, 0, 0, 0, 1, 2
"c:\Users\floor\OneDrive - University of Twente\Documenten\mod 12\ModernityAndCodeQualityResearch\GithubAPI\python_repos\aiohttp\CHANGES\8303.breaking.rst", "reStructuredText", 3, 0, 0, 0, 0, 0, 0, 0, 0, 0, 0, 0, 0, 0, 0, 0, 0, 1, 4
"c:\Users\floor\OneDrive - University of Twente\Documenten\mod 12\ModernityAndCodeQualityResearch\GithubAPI\python_repos\aiohttp\CHANGES\8596.breaking.rst", "reStructuredText", 1, 0, 0, 0, 0, 0, 0, 0, 0, 0, 0, 0, 0, 0, 0, 0, 0, 1, 2
"c:\Users\floor\OneDrive - University of Twente\Documenten\mod 12\ModernityAndCodeQualityResearch\GithubAPI\python_repos\aiohttp\CHANGES\8698.breaking.rst", "reStructuredText", 1, 0, 0, 0, 0, 0, 0, 0, 0, 0, 0, 0, 0, 0, 0, 0, 0, 1, 2
"c:\Users\floor\OneDrive - University of Twente\Documenten\mod 12\ModernityAndCodeQualityResearch\GithubAPI\python_repos\aiohttp\CHANGES\8957.breaking.rst", "reStructuredText", 1, 0, 0, 0, 0, 0, 0, 0, 0, 0, 0, 0, 0, 0, 0, 0, 0, 1, 2
"c:\Users\floor\OneDrive - University of Twente\Documenten\mod 12\ModernityAndCodeQualityResearch\GithubAPI\python_repos\aiohttp\CHANGES\9109.breaking.rst", "reStructuredText", 1, 0, 0, 0, 0, 0, 0, 0, 0, 0, 0, 0, 0, 0, 0, 0, 0, 1, 2
"c:\Users\floor\OneDrive - University of Twente\Documenten\mod 12\ModernityAndCodeQualityResearch\GithubAPI\python_repos\aiohttp\CHANGES\9212.breaking.rst", "reStructuredText", 1, 0, 0, 0, 0, 0, 0, 0, 0, 0, 0, 0, 0, 0, 0, 0, 0, 0, 1
"c:\Users\floor\OneDrive - University of Twente\Documenten\mod 12\ModernityAndCodeQualityResearch\GithubAPI\python_repos\aiohttp\CHANGES\9212.packaging.rst", "reStructuredText", 1, 0, 0, 0, 0, 0, 0, 0, 0, 0, 0, 0, 0, 0, 0, 0, 0, 1, 2
"c:\Users\floor\OneDrive - University of Twente\Documenten\mod 12\ModernityAndCodeQualityResearch\GithubAPI\python_repos\aiohttp\CHANGES\9254.breaking.rst", "reStructuredText", 2, 0, 0, 0, 0, 0, 0, 0, 0, 0, 0, 0, 0, 0, 0, 0, 0, 1, 3
"c:\Users\floor\OneDrive - University of Twente\Documenten\mod 12\ModernityAndCodeQualityResearch\GithubAPI\python_repos\aiohttp\CHANGES\9292.breaking.rst", "reStructuredText", 1, 0, 0, 0, 0, 0, 0, 0, 0, 0, 0, 0, 0, 0, 0, 0, 0, 1, 2
"c:\Users\floor\OneDrive - University of Twente\Documenten\mod 12\ModernityAndCodeQualityResearch\GithubAPI\python_repos\aiohttp\CHANGES\9413.misc.rst", "reStructuredText", 1, 0, 0, 0, 0, 0, 0, 0, 0, 0, 0, 0, 0, 0, 0, 0, 0, 1, 2
"c:\Users\floor\OneDrive - University of Twente\Documenten\mod 12\ModernityAndCodeQualityResearch\GithubAPI\python_repos\aiohttp\CHANGES\README.rst", "reStructuredText", 88, 0, 0, 0, 0, 0, 0, 0, 0, 0, 0, 0, 0, 0, 0, 0, 6, 25, 119
"c:\Users\floor\OneDrive - University of Twente\Documenten\mod 12\ModernityAndCodeQualityResearch\GithubAPI\python_repos\aiohttp\CODE_OF_CONDUCT.md", "Markdown", 0, 0, 0, 0, 0, 0, 28, 0, 0, 0, 0, 0, 0, 0, 0, 0, 0, 19, 47
"c:\Users\floor\OneDrive - University of Twente\Documenten\mod 12\ModernityAndCodeQualityResearch\GithubAPI\python_repos\aiohttp\CONTRIBUTING.rst", "reStructuredText", 18, 0, 0, 0, 0, 0, 0, 0, 0, 0, 0, 0, 0, 0, 0, 0, 2, 17, 37
"c:\Users\floor\OneDrive - University of Twente\Documenten\mod 12\ModernityAndCodeQualityResearch\GithubAPI\python_repos\aiohttp\Makefile", "Makefile", 0, 0, 0, 0, 0, 0, 0, 0, 143, 0, 0, 0, 0, 0, 0, 0, 9, 38, 190
"c:\Users\floor\OneDrive - University of Twente\Documenten\mod 12\ModernityAndCodeQualityResearch\GithubAPI\python_repos\aiohttp\README.rst", "reStructuredText", 123, 0, 0, 0, 0, 0, 0, 0, 0, 0, 0, 0, 0, 0, 0, 0, 17, 71, 211
"c:\Users\floor\OneDrive - University of Twente\Documenten\mod 12\ModernityAndCodeQualityResearch\GithubAPI\python_repos\aiohttp\aiohttp\__init__.py", "Python", 0, 0, 0, 0, 233, 0, 0, 0, 0, 0, 0, 0, 0, 0, 0, 0, 14, 12, 259
"c:\Users\floor\OneDrive - University of Twente\Documenten\mod 12\ModernityAndCodeQualityResearch\GithubAPI\python_repos\aiohttp\aiohttp\_cookie_helpers.py", "Python", 0, 0, 0, 0, 97, 0, 0, 0, 0, 0, 0, 0, 0, 0, 0, 0, 223, 20, 340
"c:\Users\floor\OneDrive - University of Twente\Documenten\mod 12\ModernityAndCodeQualityResearch\GithubAPI\python_repos\aiohttp\aiohttp\_find_header.h", "C++", 0, 0, 0, 0, 0, 0, 0, 0, 0, 0, 0, 10, 0, 0, 0, 0, 0, 5, 15
"c:\Users\floor\OneDrive - University of Twente\Documenten\mod 12\ModernityAndCodeQualityResearch\GithubAPI\python_repos\aiohttp\aiohttp\_websocket\__init__.py", "Python", 0, 0, 0, 0, 0, 0, 0, 0, 0, 0, 0, 0, 0, 0, 0, 0, 1, 1, 2
"c:\Users\floor\OneDrive - University of Twente\Documenten\mod 12\ModernityAndCodeQualityResearch\GithubAPI\python_repos\aiohttp\aiohttp\_websocket\helpers.py", "Python", 0, 0, 0, 0, 94, 0, 0, 0, 0, 0, 0, 0, 0, 0, 0, 0, 32, 23, 149
"c:\Users\floor\OneDrive - University of Twente\Documenten\mod 12\ModernityAndCodeQualityResearch\GithubAPI\python_repos\aiohttp\aiohttp\_websocket\models.py", "Python", 0, 0, 0, 0, 111, 0, 0, 0, 0, 0, 0, 0, 0, 0, 0, 0, 13, 44, 168
"c:\Users\floor\OneDrive - University of Twente\Documenten\mod 12\ModernityAndCodeQualityResearch\GithubAPI\python_repos\aiohttp\aiohttp\_websocket\reader.py", "Python", 0, 0, 0, 0, 24, 0, 0, 0, 0, 0, 0, 0, 0, 0, 0, 0, 1, 7, 32
"c:\Users\floor\OneDrive - University of Twente\Documenten\mod 12\ModernityAndCodeQualityResearch\GithubAPI\python_repos\aiohttp\aiohttp\_websocket\reader_c.py", "Python", 0, 0, 0, 0, 1, 0, 0, 0, 0, 0, 0, 0, 0, 0, 0, 0, 0, 0, 1
"c:\Users\floor\OneDrive - University of Twente\Documenten\mod 12\ModernityAndCodeQualityResearch\GithubAPI\python_repos\aiohttp\aiohttp\_websocket\reader_py.py", "Python", 0, 0, 0, 0, 385, 0, 0, 0, 0, 0, 0, 0, 0, 0, 0, 0, 54, 61, 500
"c:\Users\floor\OneDrive - University of Twente\Documenten\mod 12\ModernityAndCodeQualityResearch\GithubAPI\python_repos\aiohttp\aiohttp\_websocket\writer.py", "Python", 0, 0, 0, 0, 154, 0, 0, 0, 0, 0, 0, 0, 0, 0, 0, 0, 86, 22, 262
"c:\Users\floor\OneDrive - University of Twente\Documenten\mod 12\ModernityAndCodeQualityResearch\GithubAPI\python_repos\aiohttp\aiohttp\abc.py", "Python", 0, 0, 0, 0, 134, 0, 0, 0, 0, 0, 0, 0, 0, 0, 0, 0, 69, 64, 267
"c:\Users\floor\OneDrive - University of Twente\Documenten\mod 12\ModernityAndCodeQualityResearch\GithubAPI\python_repos\aiohttp\aiohttp\base_protocol.py", "Python", 0, 0, 0, 0, 97, 0, 0, 0, 0, 0, 0, 0, 0, 0, 0, 0, 6, 19, 122
"c:\Users\floor\OneDrive - University of Twente\Documenten\mod 12\ModernityAndCodeQualityResearch\GithubAPI\python_repos\aiohttp\aiohttp\client.py", "Python", 0, 0, 0, 0, 1317, 0, 0, 0, 0, 0, 0, 0, 0, 0, 0, 0, 155, 184, 1656
"c:\Users\floor\OneDrive - University of Twente\Documenten\mod 12\ModernityAndCodeQualityResearch\GithubAPI\python_repos\aiohttp\aiohttp\client_exceptions.py", "Python", 0, 0, 0, 0, 216, 0, 0, 0, 0, 0, 0, 0, 0, 0, 0, 0, 69, 104, 389
"c:\Users\floor\OneDrive - University of Twente\Documenten\mod 12\ModernityAndCodeQualityResearch\GithubAPI\python_repos\aiohttp\aiohttp\client_middleware_digest_auth.py", "Python", 0, 0, 0, 0, 251, 0, 0, 0, 0, 0, 0, 0, 0, 0, 0, 0, 154, 65, 470
"c:\Users\floor\OneDrive - University of Twente\Documenten\mod 12\ModernityAndCodeQualityResearch\GithubAPI\python_repos\aiohttp\aiohttp\client_middlewares.py", "Python", 0, 0, 0, 0, 26, 0, 0, 0, 0, 0, 0, 0, 0, 0, 0, 0, 15, 15, 56
"c:\Users\floor\OneDrive - University of Twente\Documenten\mod 12\ModernityAndCodeQualityResearch\GithubAPI\python_repos\aiohttp\aiohttp\client_proto.py", "Python", 0, 0, 0, 0, 277, 0, 0, 0, 0, 0, 0, 0, 0, 0, 0, 0, 34, 59, 370
"c:\Users\floor\OneDrive - University of Twente\Documenten\mod 12\ModernityAndCodeQualityResearch\GithubAPI\python_repos\aiohttp\aiohttp\client_reqrep.py", "Python", 0, 0, 0, 0, 1024, 0, 0, 0, 0, 0, 0, 0, 0, 0, 0, 0, 213, 204, 1441
"c:\Users\floor\OneDrive - University of Twente\Documenten\mod 12\ModernityAndCodeQualityResearch\GithubAPI\python_repos\aiohttp\aiohttp\client_ws.py", "Python", 0, 0, 0, 0, 438, 0, 0, 0, 0, 0, 0, 0, 0, 0, 0, 0, 47, 76, 561
"c:\Users\floor\OneDrive - University of Twente\Documenten\mod 12\ModernityAndCodeQualityResearch\GithubAPI\python_repos\aiohttp\aiohttp\compression_utils.py", "Python", 0, 0, 0, 0, 291, 0, 0, 0, 0, 0, 0, 0, 0, 0, 0, 0, 51, 72, 414
"c:\Users\floor\OneDrive - University of Twente\Documenten\mod 12\ModernityAndCodeQualityResearch\GithubAPI\python_repos\aiohttp\aiohttp\connector.py", "Python", 0, 0, 0, 0, 1162, 0, 0, 0, 0, 0, 0, 0, 0, 0, 0, 0, 324, 213, 1699
"c:\Users\floor\OneDrive - University of Twente\Documenten\mod 12\ModernityAndCodeQualityResearch\GithubAPI\python_repos\aiohttp\aiohttp\cookiejar.py", "Python", 0, 0, 0, 0, 404, 0, 0, 0, 0, 0, 0, 0, 0, 0, 0, 0, 88, 90, 582
"c:\Users\floor\OneDrive - University of Twente\Documenten\mod 12\ModernityAndCodeQualityResearch\GithubAPI\python_repos\aiohttp\aiohttp\formdata.py", "Python", 0, 0, 0, 0, 132, 0, 0, 0, 0, 0, 0, 0, 0, 0, 0, 0, 8, 28, 168
"c:\Users\floor\OneDrive - University of Twente\Documenten\mod 12\ModernityAndCodeQualityResearch\GithubAPI\python_repos\aiohttp\aiohttp\hdrs.py", "Python", 0, 0, 0, 0, 110, 0, 0, 0, 0, 0, 0, 0, 0, 0, 0, 0, 5, 7, 122
"c:\Users\floor\OneDrive - University of Twente\Documenten\mod 12\ModernityAndCodeQualityResearch\GithubAPI\python_repos\aiohttp\aiohttp\helpers.py", "Python", 0, 0, 0, 0, 749, 0, 0, 0, 0, 0, 0, 0, 0, 0, 0, 0, 174, 205, 1128
"c:\Users\floor\OneDrive - University of Twente\Documenten\mod 12\ModernityAndCodeQualityResearch\GithubAPI\python_repos\aiohttp\aiohttp\http.py", "Python", 0, 0, 0, 0, 57, 0, 0, 0, 0, 0, 0, 0, 0, 0, 0, 0, 3, 5, 65
"c:\Users\floor\OneDrive - University of Twente\Documenten\mod 12\ModernityAndCodeQualityResearch\GithubAPI\python_repos\aiohttp\aiohttp\http_exceptions.py", "Python", 0, 0, 0, 0, 58, 0, 0, 0, 0, 0, 0, 0, 0, 0, 0, 0, 14, 34, 106
"c:\Users\floor\OneDrive - University of Twente\Documenten\mod 12\ModernityAndCodeQualityResearch\GithubAPI\python_repos\aiohttp\aiohttp\http_parser.py", "Python", 0, 0, 0, 0, 892, 0, 0, 0, 0, 0, 0, 0, 0, 0, 0, 0, 128, 158, 1178
"c:\Users\floor\OneDrive - University of Twente\Documenten\mod 12\ModernityAndCodeQualityResearch\GithubAPI\python_repos\aiohttp\aiohttp\http_websocket.py", "Python", 0, 0, 0, 0, 53, 0, 0, 0, 0, 0, 0, 0, 0, 0, 0, 0, 2, 5, 60
"c:\Users\floor\OneDrive - University of Twente\Documenten\mod 12\ModernityAndCodeQualityResearch\GithubAPI\python_repos\aiohttp\aiohttp\http_writer.py", "Python", 0, 0, 0, 0, 279, 0, 0, 0, 0, 0, 0, 0, 0, 0, 0, 0, 48, 65, 392
"c:\Users\floor\OneDrive - University of Twente\Documenten\mod 12\ModernityAndCodeQualityResearch\GithubAPI\python_repos\aiohttp\aiohttp\log.py", "Python", 0, 0, 0, 0, 7, 0, 0, 0, 0, 0, 0, 0, 0, 0, 0, 0, 0, 2, 9
"c:\Users\floor\OneDrive - University of Twente\Documenten\mod 12\ModernityAndCodeQualityResearch\GithubAPI\python_repos\aiohttp\aiohttp\multipart.py", "Python", 0, 0, 0, 0, 871, 0, 0, 0, 0, 0, 0, 0, 0, 0, 0, 0, 177, 178, 1226
"c:\Users\floor\OneDrive - University of Twente\Documenten\mod 12\ModernityAndCodeQualityResearch\GithubAPI\python_repos\aiohttp\aiohttp\payload.py", "Python", 0, 0, 0, 0, 564, 0, 0, 0, 0, 0, 0, 0, 0, 0, 0, 0, 427, 129, 1120
"c:\Users\floor\OneDrive - University of Twente\Documenten\mod 12\ModernityAndCodeQualityResearch\GithubAPI\python_repos\aiohttp\aiohttp\pytest_plugin.py", "Python", 0, 0, 0, 0, 290, 0, 0, 0, 0, 0, 0, 0, 0, 0, 0, 0, 71, 73, 434
"c:\Users\floor\OneDrive - University of Twente\Documenten\mod 12\ModernityAndCodeQualityResearch\GithubAPI\python_repos\aiohttp\aiohttp\resolver.py", "Python", 0, 0, 0, 0, 159, 0, 0, 0, 0, 0, 0, 0, 0, 0, 0, 0, 44, 33, 236
"c:\Users\floor\OneDrive - University of Twente\Documenten\mod 12\ModernityAndCodeQualityResearch\GithubAPI\python_repos\aiohttp\aiohttp\streams.py", "Python", 0, 0, 0, 0, 486, 0, 0, 0, 0, 0, 0, 0, 0, 0, 0, 0, 72, 135, 693
"c:\Users\floor\OneDrive - University of Twente\Documenten\mod 12\ModernityAndCodeQualityResearch\GithubAPI\python_repos\aiohttp\aiohttp\tcp_helpers.py", "Python", 0, 0, 0, 0, 20, 0, 0, 0, 0, 0, 0, 0, 0, 0, 0, 0, 3, 14, 37
"c:\Users\floor\OneDrive - University of Twente\Documenten\mod 12\ModernityAndCodeQualityResearch\GithubAPI\python_repos\aiohttp\aiohttp\test_utils.py", "Python", 0, 0, 0, 0, 509, 0, 0, 0, 0, 0, 0, 0, 0, 0, 0, 0, 104, 116, 729
"c:\Users\floor\OneDrive - University of Twente\Documenten\mod 12\ModernityAndCodeQualityResearch\GithubAPI\python_repos\aiohttp\aiohttp\tracing.py", "Python", 0, 0, 0, 0, 353, 0, 0, 0, 0, 0, 0, 0, 0, 0, 0, 0, 23, 93, 469
"c:\Users\floor\OneDrive - University of Twente\Documenten\mod 12\ModernityAndCodeQualityResearch\GithubAPI\python_repos\aiohttp\aiohttp\typedefs.py", "Python", 0, 0, 0, 0, 33, 0, 0, 0, 0, 0, 0, 0, 0, 0, 0, 0, 0, 11, 44
"c:\Users\floor\OneDrive - University of Twente\Documenten\mod 12\ModernityAndCodeQualityResearch\GithubAPI\python_repos\aiohttp\aiohttp\web.py", "Python", 0, 0, 0, 0, 513, 0, 0, 0, 0, 0, 0, 0, 0, 0, 0, 0, 20, 37, 570
"c:\Users\floor\OneDrive - University of Twente\Documenten\mod 12\ModernityAndCodeQualityResearch\GithubAPI\python_repos\aiohttp\aiohttp\web_app.py", "Python", 0, 0, 0, 0, 330, 0, 0, 0, 0, 0, 0, 0, 0, 0, 0, 0, 29, 83, 442
"c:\Users\floor\OneDrive - University of Twente\Documenten\mod 12\ModernityAndCodeQualityResearch\GithubAPI\python_repos\aiohttp\aiohttp\web_exceptions.py", "Python", 0, 0, 0, 0, 327, 0, 0, 0, 0, 0, 0, 0, 0, 0, 0, 0, 29, 156, 512
"c:\Users\floor\OneDrive - University of Twente\Documenten\mod 12\ModernityAndCodeQualityResearch\GithubAPI\python_repos\aiohttp\aiohttp\web_fileresponse.py", "Python", 0, 0, 0, 0, 261, 0, 0, 0, 0, 0, 0, 0, 0, 0, 0, 0, 83, 63, 407
"c:\Users\floor\OneDrive - University of Twente\Documenten\mod 12\ModernityAndCodeQualityResearch\GithubAPI\python_repos\aiohttp\aiohttp\web_log.py", "Python", 0, 0, 0, 0, 130, 0, 0, 0, 0, 0, 0, 0, 0, 0, 0, 0, 58, 35, 223
"c:\Users\floor\OneDrive - University of Twente\Documenten\mod 12\ModernityAndCodeQualityResearch\GithubAPI\python_repos\aiohttp\aiohttp\web_middlewares.py", "Python", 0, 0, 0, 0, 77, 0, 0, 0, 0, 0, 0, 0, 0, 0, 0, 0, 28, 22, 127
"c:\Users\floor\OneDrive - University of Twente\Documenten\mod 12\ModernityAndCodeQualityResearch\GithubAPI\python_repos\aiohttp\aiohttp\web_protocol.py", "Python", 0, 0, 0, 0, 601, 0, 0, 0, 0, 0, 0, 0, 0, 0, 0, 0, 113, 107, 821
"c:\Users\floor\OneDrive - University of Twente\Documenten\mod 12\ModernityAndCodeQualityResearch\GithubAPI\python_repos\aiohttp\aiohttp\web_request.py", "Python", 0, 0, 0, 0, 590, 0, 0, 0, 0, 0, 0, 0, 0, 0, 0, 0, 174, 122, 886
"c:\Users\floor\OneDrive - University of Twente\Documenten\mod 12\ModernityAndCodeQualityResearch\GithubAPI\python_repos\aiohttp\aiohttp\web_response.py", "Python", 0, 0, 0, 0, 618, 0, 0, 0, 0, 0, 0, 0, 0, 0, 0, 0, 57, 113, 788
"c:\Users\floor\OneDrive - University of Twente\Documenten\mod 12\ModernityAndCodeQualityResearch\GithubAPI\python_repos\aiohttp\aiohttp\web_routedef.py", "Python", 0, 0, 0, 0, 142, 0, 0, 0, 0, 0, 0, 0, 0, 0, 0, 0, 2, 60, 204
"c:\Users\floor\OneDrive - University of Twente\Documenten\mod 12\ModernityAndCodeQualityResearch\GithubAPI\python_repos\aiohttp\aiohttp\web_runner.py", "Python", 0, 0, 0, 0, 356, 0, 0, 0, 0, 0, 0, 0, 0, 0, 0, 0, 22, 76, 454
"c:\Users\floor\OneDrive - University of Twente\Documenten\mod 12\ModernityAndCodeQualityResearch\GithubAPI\python_repos\aiohttp\aiohttp\web_server.py", "Python", 0, 0, 0, 0, 115, 0, 0, 0, 0, 0, 0, 0, 0, 0, 0, 0, 4, 15, 134
"c:\Users\floor\OneDrive - University of Twente\Documenten\mod 12\ModernityAndCodeQualityResearch\GithubAPI\python_repos\aiohttp\aiohttp\web_urldispatcher.py", "Python", 0, 0, 0, 0, 902, 0, 0, 0, 0, 0, 0, 0, 0, 0, 0, 0, 109, 236, 1247
"c:\Users\floor\OneDrive - University of Twente\Documenten\mod 12\ModernityAndCodeQualityResearch\GithubAPI\python_repos\aiohttp\aiohttp\web_ws.py", "Python", 0, 0, 0, 0, 613, 0, 0, 0, 0, 0, 0, 0, 0, 0, 0, 0, 62, 100, 775
"c:\Users\floor\OneDrive - University of Twente\Documenten\mod 12\ModernityAndCodeQualityResearch\GithubAPI\python_repos\aiohttp\aiohttp\worker.py", "Python", 0, 0, 0, 0, 177, 0, 0, 0, 0, 0, 0, 0, 0, 0, 0, 0, 19, 51, 247
"c:\Users\floor\OneDrive - University of Twente\Documenten\mod 12\ModernityAndCodeQualityResearch\GithubAPI\python_repos\aiohttp\docs\Makefile", "Makefile", 0, 0, 0, 0, 0, 0, 0, 0, 147, 0, 0, 0, 0, 0, 0, 0, 6, 30, 183
"c:\Users\floor\OneDrive - University of Twente\Documenten\mod 12\ModernityAndCodeQualityResearch\GithubAPI\python_repos\aiohttp\docs\_static\css\logo-adjustments.css", "PostCSS", 0, 0, 0, 0, 0, 0, 0, 0, 0, 0, 0, 0, 0, 6, 0, 0, 0, 2, 8
"c:\Users\floor\OneDrive - University of Twente\Documenten\mod 12\ModernityAndCodeQualityResearch\GithubAPI\python_repos\aiohttp\docs\_static\img\contributing-cov-comment.svg", "XML", 0, 0, 0, 0, 0, 0, 0, 0, 0, 0, 0, 0, 53, 0, 0, 0, 2, 1, 56
"c:\Users\floor\OneDrive - University of Twente\Documenten\mod 12\ModernityAndCodeQualityResearch\GithubAPI\python_repos\aiohttp\docs\_static\img\contributing-cov-header.svg", "XML", 0, 0, 0, 0, 0, 0, 0, 0, 0, 0, 0, 0, 13, 0, 0, 0, 2, 1, 16
"c:\Users\floor\OneDrive - University of Twente\Documenten\mod 12\ModernityAndCodeQualityResearch\GithubAPI\python_repos\aiohttp\docs\_static\img\contributing-cov-miss.svg", "XML", 0, 0, 0, 0, 0, 0, 0, 0, 0, 0, 0, 0, 707, 0, 0, 0, 2, 1, 710
"c:\Users\floor\OneDrive - University of Twente\Documenten\mod 12\ModernityAndCodeQualityResearch\GithubAPI\python_repos\aiohttp\docs\_static\img\contributing-cov-partial.svg", "XML", 0, 0, 0, 0, 0, 0, 0, 0, 0, 0, 0, 0, 266, 0, 0, 0, 2, 1, 269
"c:\Users\floor\OneDrive - University of Twente\Documenten\mod 12\ModernityAndCodeQualityResearch\GithubAPI\python_repos\aiohttp\docs\abc.rst", "reStructuredText", 115, 0, 0, 0, 0, 0, 0, 0, 0, 0, 0, 0, 0, 0, 0, 0, 30, 102, 247
"c:\Users\floor\OneDrive - University of Twente\Documenten\mod 12\ModernityAndCodeQualityResearch\GithubAPI\python_repos\aiohttp\docs\aiohttp-icon.svg", "XML", 0, 0, 0, 0, 0, 0, 0, 0, 0, 0, 0, 0, 1, 0, 0, 0, 0, 1, 2
"c:\Users\floor\OneDrive - University of Twente\Documenten\mod 12\ModernityAndCodeQualityResearch\GithubAPI\python_repos\aiohttp\docs\aiohttp-plain.svg", "XML", 0, 0, 0, 0, 0, 0, 0, 0, 0, 0, 0, 0, 1, 0, 0, 0, 0, 1, 2
"c:\Users\floor\OneDrive - University of Twente\Documenten\mod 12\ModernityAndCodeQualityResearch\GithubAPI\python_repos\aiohttp\docs\built_with.rst", "reStructuredText", 25, 0, 0, 0, 0, 0, 0, 0, 0, 0, 0, 0, 0, 0, 0, 0, 1, 8, 34
"c:\Users\floor\OneDrive - University of Twente\Documenten\mod 12\ModernityAndCodeQualityResearch\GithubAPI\python_repos\aiohttp\docs\changes.rst", "reStructuredText", 8, 0, 0, 0, 0, 0, 0, 0, 0, 0, 0, 0, 0, 0, 0, 0, 4, 7, 19
"c:\Users\floor\OneDrive - University of Twente\Documenten\mod 12\ModernityAndCodeQualityResearch\GithubAPI\python_repos\aiohttp\docs\client.rst", "reStructuredText", 11, 0, 0, 0, 0, 0, 0, 0, 0, 0, 0, 0, 0, 0, 0, 0, 3, 7, 21
"c:\Users\floor\OneDrive - University of Twente\Documenten\mod 12\ModernityAndCodeQualityResearch\GithubAPI\python_repos\aiohttp\docs\client_advanced.rst", "reStructuredText", 619, 0, 0, 0, 0, 0, 0, 0, 0, 0, 0, 0, 0, 0, 0, 0, 26, 262, 907
"c:\Users\floor\OneDrive - University of Twente\Documenten\mod 12\ModernityAndCodeQualityResearch\GithubAPI\python_repos\aiohttp\docs\client_middleware_cookbook.rst", "reStructuredText", 88, 0, 0, 0, 0, 0, 0, 0, 0, 0, 0, 0, 0, 0, 0, 0, 15, 52, 155
"c:\Users\floor\OneDrive - University of Twente\Documenten\mod 12\ModernityAndCodeQualityResearch\GithubAPI\python_repos\aiohttp\docs\client_quickstart.rst", "reStructuredText", 320, 0, 0, 0, 0, 0, 0, 0, 0, 0, 0, 0, 0, 0, 0, 0, 19, 157, 496
"c:\Users\floor\OneDrive - University of Twente\Documenten\mod 12\ModernityAndCodeQualityResearch\GithubAPI\python_repos\aiohttp\docs\client_reference.rst", "reStructuredText", 1655, 0, 0, 0, 0, 0, 0, 0, 0, 0, 0, 0, 0, 0, 0, 0, 299, 1073, 3027
"c:\Users\floor\OneDrive - University of Twente\Documenten\mod 12\ModernityAndCodeQualityResearch\GithubAPI\python_repos\aiohttp\docs\code\client_middleware_cookbook.py", "Python", 0, 0, 0, 0, 107, 0, 0, 0, 0, 0, 0, 0, 0, 0, 0, 0, 12, 25, 144
"c:\Users\floor\OneDrive - University of Twente\Documenten\mod 12\ModernityAndCodeQualityResearch\GithubAPI\python_repos\aiohttp\docs\conf.py", "Python", 0, 0, 0, 0, 198, 0, 0, 0, 0, 0, 0, 0, 0, 0, 0, 0, 161, 84, 443
"c:\Users\floor\OneDrive - University of Twente\Documenten\mod 12\ModernityAndCodeQualityResearch\GithubAPI\python_repos\aiohttp\docs\contributing-admins.rst", "reStructuredText", 46, 0, 0, 0, 0, 0, 0, 0, 0, 0, 0, 0, 0, 0, 0, 0, 2, 15, 63
"c:\Users\floor\OneDrive - University of Twente\Documenten\mod 12\ModernityAndCodeQualityResearch\GithubAPI\python_repos\aiohttp\docs\contributing.rst", "reStructuredText", 189, 0, 0, 0, 0, 0, 0, 0, 0, 0, 0, 0, 0, 0, 0, 0, 27, 136, 352
"c:\Users\floor\OneDrive - University of Twente\Documenten\mod 12\ModernityAndCodeQualityResearch\GithubAPI\python_repos\aiohttp\docs\deployment.rst", "reStructuredText", 279, 0, 0, 0, 0, 0, 0, 0, 0, 0, 0, 0, 0, 0, 0, 0, 12, 123, 414
"c:\Users\floor\OneDrive - University of Twente\Documenten\mod 12\ModernityAndCodeQualityResearch\GithubAPI\python_repos\aiohttp\docs\essays.rst", "reStructuredText", 6, 0, 0, 0, 0, 0, 0, 0, 0, 0, 0, 0, 0, 0, 0, 0, 1, 4, 11
"c:\Users\floor\OneDrive - University of Twente\Documenten\mod 12\ModernityAndCodeQualityResearch\GithubAPI\python_repos\aiohttp\docs\external.rst", "reStructuredText", 9, 0, 0, 0, 0, 0, 0, 0, 0, 0, 0, 0, 0, 0, 0, 0, 2, 8, 19
"c:\Users\floor\OneDrive - University of Twente\Documenten\mod 12\ModernityAndCodeQualityResearch\GithubAPI\python_repos\aiohttp\docs\faq.rst", "reStructuredText", 278, 0, 0, 0, 0, 0, 0, 0, 0, 0, 0, 0, 0, 0, 0, 0, 8, 137, 423
"c:\Users\floor\OneDrive - University of Twente\Documenten\mod 12\ModernityAndCodeQualityResearch\GithubAPI\python_repos\aiohttp\docs\glossary.rst", "reStructuredText", 97, 0, 0, 0, 0, 0, 0, 0, 0, 0, 0, 0, 0, 0, 0, 0, 7, 69, 173
"c:\Users\floor\OneDrive - University of Twente\Documenten\mod 12\ModernityAndCodeQualityResearch\GithubAPI\python_repos\aiohttp\docs\http_request_lifecycle.rst", "reStructuredText", 53, 0, 0, 0, 0, 0, 0, 0, 0, 0, 0, 0, 0, 0, 0, 0, 6, 50, 109
"c:\Users\floor\OneDrive - University of Twente\Documenten\mod 12\ModernityAndCodeQualityResearch\GithubAPI\python_repos\aiohttp\docs\index.rst", "reStructuredText", 136, 0, 0, 0, 0, 0, 0, 0, 0, 0, 0, 0, 0, 0, 0, 0, 13, 85, 234
"c:\Users\floor\OneDrive - University of Twente\Documenten\mod 12\ModernityAndCodeQualityResearch\GithubAPI\python_repos\aiohttp\docs\logging.rst", "reStructuredText", 129, 0, 0, 0, 0, 0, 0, 0, 0, 0, 0, 0, 0, 0, 0, 0, 11, 60, 200
"c:\Users\floor\OneDrive - University of Twente\Documenten\mod 12\ModernityAndCodeQualityResearch\GithubAPI\python_repos\aiohttp\docs\make.bat", "Batch", 0, 0, 0, 0, 0, 0, 0, 0, 0, 0, 0, 0, 0, 0, 0, 212, 1, 30, 243
"c:\Users\floor\OneDrive - University of Twente\Documenten\mod 12\ModernityAndCodeQualityResearch\GithubAPI\python_repos\aiohttp\docs\migration_to_2xx.rst", "reStructuredText", 139, 0, 0, 0, 0, 0, 0, 0, 0, 0, 0, 0, 0, 0, 0, 0, 1, 75, 215
"c:\Users\floor\OneDrive - University of Twente\Documenten\mod 12\ModernityAndCodeQualityResearch\GithubAPI\python_repos\aiohttp\docs\misc.rst", "reStructuredText", 13, 0, 0, 0, 0, 0, 0, 0, 0, 0, 0, 0, 0, 0, 0, 0, 3, 9, 25
"c:\Users\floor\OneDrive - University of Twente\Documenten\mod 12\ModernityAndCodeQualityResearch\GithubAPI\python_repos\aiohttp\docs\multipart.rst", "reStructuredText", 252, 0, 0, 0, 0, 0, 0, 0, 0, 0, 0, 0, 0, 0, 0, 0, 9, 96, 357
"c:\Users\floor\OneDrive - University of Twente\Documenten\mod 12\ModernityAndCodeQualityResearch\GithubAPI\python_repos\aiohttp\docs\multipart_reference.rst", "reStructuredText", 107, 0, 0, 0, 0, 0, 0, 0, 0, 0, 0, 0, 0, 0, 0, 0, 38, 108, 253
"c:\Users\floor\OneDrive - University of Twente\Documenten\mod 12\ModernityAndCodeQualityResearch\GithubAPI\python_repos\aiohttp\docs\new_router.rst", "reStructuredText", 54, 0, 0, 0, 0, 0, 0, 0, 0, 0, 0, 0, 0, 0, 0, 0, 1, 30, 85
"c:\Users\floor\OneDrive - University of Twente\Documenten\mod 12\ModernityAndCodeQualityResearch\GithubAPI\python_repos\aiohttp\docs\old-logo.svg", "XML", 0, 0, 0, 0, 0, 0, 0, 0, 0, 0, 0, 0, 1, 0, 0, 0, 0, 0, 1
"c:\Users\floor\OneDrive - University of Twente\Documenten\mod 12\ModernityAndCodeQualityResearch\GithubAPI\python_repos\aiohttp\docs\powered_by.rst", "reStructuredText", 34, 0, 0, 0, 0, 0, 0, 0, 0, 0, 0, 0, 0, 0, 0, 0, 1, 5, 40
"c:\Users\floor\OneDrive - University of Twente\Documenten\mod 12\ModernityAndCodeQualityResearch\GithubAPI\python_repos\aiohttp\docs\streams.rst", "reStructuredText", 112, 0, 0, 0, 0, 0, 0, 0, 0, 0, 0, 0, 0, 0, 0, 0, 22, 92, 226
"c:\Users\floor\OneDrive - University of Twente\Documenten\mod 12\ModernityAndCodeQualityResearch\GithubAPI\python_repos\aiohttp\docs\structures.rst", "reStructuredText", 22, 0, 0, 0, 0, 0, 0, 0, 0, 0, 0, 0, 0, 0, 0, 0, 7, 25, 54
"c:\Users\floor\OneDrive - University of Twente\Documenten\mod 12\ModernityAndCodeQualityResearch\GithubAPI\python_repos\aiohttp\docs\testing.rst", "reStructuredText", 453, 0, 0, 0, 0, 0, 0, 0, 0, 0, 0, 0, 0, 0, 0, 0, 89, 304, 846
"c:\Users\floor\OneDrive - University of Twente\Documenten\mod 12\ModernityAndCodeQualityResearch\GithubAPI\python_repos\aiohttp\docs\third_party.rst", "reStructuredText", 211, 0, 0, 0, 0, 0, 0, 0, 0, 0, 0, 0, 0, 0, 0, 0, 1, 106, 318
"c:\Users\floor\OneDrive - University of Twente\Documenten\mod 12\ModernityAndCodeQualityResearch\GithubAPI\python_repos\aiohttp\docs\tracing_reference.rst", "reStructuredText", 274, 0, 0, 0, 0, 0, 0, 0, 0, 0, 0, 0, 0, 0, 0, 0, 78, 212, 564
"c:\Users\floor\OneDrive - University of Twente\Documenten\mod 12\ModernityAndCodeQualityResearch\GithubAPI\python_repos\aiohttp\docs\utilities.rst", "reStructuredText", 11, 0, 0, 0, 0, 0, 0, 0, 0, 0, 0, 0, 0, 0, 0, 0, 3, 6, 20
"c:\Users\floor\OneDrive - University of Twente\Documenten\mod 12\ModernityAndCodeQualityResearch\GithubAPI\python_repos\aiohttp\docs\web.rst", "reStructuredText", 14, 0, 0, 0, 0, 0, 0, 0, 0, 0, 0, 0, 0, 0, 0, 0, 3, 7, 24
"c:\Users\floor\OneDrive - University of Twente\Documenten\mod 12\ModernityAndCodeQualityResearch\GithubAPI\python_repos\aiohttp\docs\web_advanced.rst", "reStructuredText", 870, 0, 0, 0, 0, 0, 0, 0, 0, 0, 0, 0, 0, 0, 0, 0, 54, 414, 1338
"c:\Users\floor\OneDrive - University of Twente\Documenten\mod 12\ModernityAndCodeQualityResearch\GithubAPI\python_repos\aiohttp\docs\web_exceptions.rst", "reStructuredText", 334, 0, 0, 0, 0, 0, 0, 0, 0, 0, 0, 0, 0, 0, 0, 0, 74, 205, 613
"c:\Users\floor\OneDrive - University of Twente\Documenten\mod 12\ModernityAndCodeQualityResearch\GithubAPI\python_repos\aiohttp\docs\web_lowlevel.rst", "reStructuredText", 53, 0, 0, 0, 0, 0, 0, 0, 0, 0, 0, 0, 0, 0, 0, 0, 2, 33, 88
"c:\Users\floor\OneDrive - University of Twente\Documenten\mod 12\ModernityAndCodeQualityResearch\GithubAPI\python_repos\aiohttp\docs\web_quickstart.rst", "reStructuredText", 416, 0, 0, 0, 0, 0, 0, 0, 0, 0, 0, 0, 0, 0, 0, 0, 34, 227, 677
"c:\Users\floor\OneDrive - University of Twente\Documenten\mod 12\ModernityAndCodeQualityResearch\GithubAPI\python_repos\aiohttp\docs\web_reference.rst", "reStructuredText", 1676, 0, 0, 0, 0, 0, 0, 0, 0, 0, 0, 0, 0, 0, 0, 0, 363, 1212, 3251
"c:\Users\floor\OneDrive - University of Twente\Documenten\mod 12\ModernityAndCodeQualityResearch\GithubAPI\python_repos\aiohttp\docs\websocket_utilities.rst", "reStructuredText", 80, 0, 0, 0, 0, 0, 0, 0, 0, 0, 0, 0, 0, 0, 0, 0, 29, 69, 178
"c:\Users\floor\OneDrive - University of Twente\Documenten\mod 12\ModernityAndCodeQualityResearch\GithubAPI\python_repos\aiohttp\docs\whats_new_1_1.rst", "reStructuredText", 91, 0, 0, 0, 0, 0, 0, 0, 0, 0, 0, 0, 0, 0, 0, 0, 0, 49, 140
"c:\Users\floor\OneDrive - University of Twente\Documenten\mod 12\ModernityAndCodeQualityResearch\GithubAPI\python_repos\aiohttp\docs\whats_new_3_0.rst", "reStructuredText", 53, 0, 0, 0, 0, 0, 0, 0, 0, 0, 0, 0, 0, 0, 0, 0, 1, 29, 83
"c:\Users\floor\OneDrive - University of Twente\Documenten\mod 12\ModernityAndCodeQualityResearch\GithubAPI\python_repos\aiohttp\examples\background_tasks.py", "Python", 0, 0, 0, 0, 49, 0, 0, 0, 0, 0, 0, 0, 0, 0, 0, 0, 3, 19, 71
"c:\Users\floor\OneDrive - University of Twente\Documenten\mod 12\ModernityAndCodeQualityResearch\GithubAPI\python_repos\aiohttp\examples\basic_auth_middleware.py", "Python", 0, 0, 0, 0, 124, 0, 0, 0, 0, 0, 0, 0, 0, 0, 0, 0, 31, 36, 191
"c:\Users\floor\OneDrive - University of Twente\Documenten\mod 12\ModernityAndCodeQualityResearch\GithubAPI\python_repos\aiohttp\examples\cli_app.py", "Python", 0, 0, 0, 0, 24, 0, 0, 0, 0, 0, 0, 0, 0, 0, 0, 0, 17, 14, 55
"c:\Users\floor\OneDrive - University of Twente\Documenten\mod 12\ModernityAndCodeQualityResearch\GithubAPI\python_repos\aiohttp\examples\client_auth.py", "Python", 0, 0, 0, 0, 15, 0, 0, 0, 0, 0, 0, 0, 0, 0, 0, 0, 1, 8, 24
"c:\Users\floor\OneDrive - University of Twente\Documenten\mod 12\ModernityAndCodeQualityResearch\GithubAPI\python_repos\aiohttp\examples\client_json.py", "Python", 0, 0, 0, 0, 14, 0, 0, 0, 0, 0, 0, 0, 0, 0, 0, 0, 1, 8, 23
"c:\Users\floor\OneDrive - University of Twente\Documenten\mod 12\ModernityAndCodeQualityResearch\GithubAPI\python_repos\aiohttp\examples\client_ws.py", "Python", 0, 0, 0, 0, 50, 0, 0, 0, 0, 0, 0, 0, 0, 0, 0, 0, 4, 16, 70
"c:\Users\floor\OneDrive - University of Twente\Documenten\mod 12\ModernityAndCodeQualityResearch\GithubAPI\python_repos\aiohttp\examples\combined_middleware.py", "Python", 0, 0, 0, 0, 215, 0, 0, 0, 0, 0, 0, 0, 0, 0, 0, 0, 45, 61, 321
"c:\Users\floor\OneDrive - University of Twente\Documenten\mod 12\ModernityAndCodeQualityResearch\GithubAPI\python_repos\aiohttp\examples\curl.py", "Python", 0, 0, 0, 0, 26, 0, 0, 0, 0, 0, 0, 0, 0, 0, 0, 0, 2, 10, 38
"c:\Users\floor\OneDrive - University of Twente\Documenten\mod 12\ModernityAndCodeQualityResearch\GithubAPI\python_repos\aiohttp\examples\digest_auth_qop_auth.py", "Python", 0, 0, 0, 0, 33, 0, 0, 0, 0, 0, 0, 0, 0, 0, 0, 0, 19, 17, 69
"c:\Users\floor\OneDrive - University of Twente\Documenten\mod 12\ModernityAndCodeQualityResearch\GithubAPI\python_repos\aiohttp\examples\fake_server.py", "Python", 0, 0, 0, 0, 98, 0, 0, 0, 0, 0, 0, 0, 0, 0, 0, 0, 2, 21, 121
"c:\Users\floor\OneDrive - University of Twente\Documenten\mod 12\ModernityAndCodeQualityResearch\GithubAPI\python_repos\aiohttp\examples\logging_middleware.py", "Python", 0, 0, 0, 0, 104, 0, 0, 0, 0, 0, 0, 0, 0, 0, 0, 0, 31, 36, 171
"c:\Users\floor\OneDrive - University of Twente\Documenten\mod 12\ModernityAndCodeQualityResearch\GithubAPI\python_repos\aiohttp\examples\lowlevel_srv.py", "Python", 0, 0, 0, 0, 15, 0, 0, 0, 0, 0, 0, 0, 0, 0, 0, 0, 2, 10, 27
"c:\Users\floor\OneDrive - University of Twente\Documenten\mod 12\ModernityAndCodeQualityResearch\GithubAPI\python_repos\aiohttp\examples\retry_middleware.py", "Python", 0, 0, 0, 0, 161, 0, 0, 0, 0, 0, 0, 0, 0, 0, 0, 0, 39, 46, 246
"c:\Users\floor\OneDrive - University of Twente\Documenten\mod 12\ModernityAndCodeQualityResearch\GithubAPI\python_repos\aiohttp\examples\server_simple.py", "Python", 0, 0, 0, 0, 21, 0, 0, 0, 0, 0, 0, 0, 0, 0, 0, 0, 1, 10, 32
"c:\Users\floor\OneDrive - University of Twente\Documenten\mod 12\ModernityAndCodeQualityResearch\GithubAPI\python_repos\aiohttp\examples\static_files.py", "Python", 0, 0, 0, 0, 5, 0, 0, 0, 0, 0, 0, 0, 0, 0, 0, 0, 1, 4, 10
"c:\Users\floor\OneDrive - University of Twente\Documenten\mod 12\ModernityAndCodeQualityResearch\GithubAPI\python_repos\aiohttp\examples\token_refresh_middleware.py", "Python", 0, 0, 0, 0, 231, 0, 0, 0, 0, 0, 0, 0, 0, 0, 0, 0, 46, 61, 338
"c:\Users\floor\OneDrive - University of Twente\Documenten\mod 12\ModernityAndCodeQualityResearch\GithubAPI\python_repos\aiohttp\examples\web_classview.py", "Python", 0, 0, 0, 0, 47, 0, 0, 0, 0, 0, 0, 0, 0, 0, 0, 0, 2, 12, 61
"c:\Users\floor\OneDrive - University of Twente\Documenten\mod 12\ModernityAndCodeQualityResearch\GithubAPI\python_repos\aiohttp\examples\web_cookies.py", "Python", 0, 0, 0, 0, 30, 0, 0, 0, 0, 0, 0, 0, 0, 0, 0, 0, 2, 14, 46
"c:\Users\floor\OneDrive - University of Twente\Documenten\mod 12\ModernityAndCodeQualityResearch\GithubAPI\python_repos\aiohttp\examples\web_rewrite_headers_middleware.py", "Python", 0, 0, 0, 0, 17, 0, 0, 0, 0, 0, 0, 0, 0, 0, 0, 0, 2, 10, 29
"c:\Users\floor\OneDrive - University of Twente\Documenten\mod 12\ModernityAndCodeQualityResearch\GithubAPI\python_repos\aiohttp\examples\web_srv.py", "Python", 0, 0, 0, 0, 40, 0, 0, 0, 0, 0, 0, 0, 0, 0, 0, 0, 2, 15, 57
"c:\Users\floor\OneDrive - University of Twente\Documenten\mod 12\ModernityAndCodeQualityResearch\GithubAPI\python_repos\aiohttp\examples\web_srv_route_deco.py", "Python", 0, 0, 0, 0, 41, 0, 0, 0, 0, 0, 0, 0, 0, 0, 0, 0, 2, 16, 59
"c:\Users\floor\OneDrive - University of Twente\Documenten\mod 12\ModernityAndCodeQualityResearch\GithubAPI\python_repos\aiohttp\examples\web_srv_route_table.py", "Python", 0, 0, 0, 0, 44, 0, 0, 0, 0, 0, 0, 0, 0, 0, 0, 0, 2, 15, 61
"c:\Users\floor\OneDrive - University of Twente\Documenten\mod 12\ModernityAndCodeQualityResearch\GithubAPI\python_repos\aiohttp\examples\web_ws.py", "Python", 0, 0, 0, 0, 41, 0, 0, 0, 0, 0, 0, 0, 0, 0, 0, 0, 5, 18, 64
"c:\Users\floor\OneDrive - University of Twente\Documenten\mod 12\ModernityAndCodeQualityResearch\GithubAPI\python_repos\aiohttp\examples\websocket.html", "HTML", 0, 0, 0, 0, 0, 0, 0, 0, 0, 0, 94, 0, 0, 0, 0, 0, 0, 9, 103
"c:\Users\floor\OneDrive - University of Twente\Documenten\mod 12\ModernityAndCodeQualityResearch\GithubAPI\python_repos\aiohttp\requirements\constraints.txt", "pip requirements", 0, 0, 0, 0, 0, 0, 0, 0, 0, 0, 0, 0, 0, 0, 98, 0, 202, 2, 302
"c:\Users\floor\OneDrive - University of Twente\Documenten\mod 12\ModernityAndCodeQualityResearch\GithubAPI\python_repos\aiohttp\requirements\sync-direct-runtime-deps.py", "Python", 0, 0, 0, 0, 16, 0, 0, 0, 0, 0, 0, 0, 0, 0, 0, 0, 2, 5, 23
"c:\Users\floor\OneDrive - University of Twente\Documenten\mod 12\ModernityAndCodeQualityResearch\GithubAPI\python_repos\aiohttp\setup.cfg", "Properties", 0, 0, 0, 0, 0, 0, 0, 0, 0, 58, 0, 0, 0, 0, 0, 0, 25, 12, 95
"c:\Users\floor\OneDrive - University of Twente\Documenten\mod 12\ModernityAndCodeQualityResearch\GithubAPI\python_repos\aiohttp\setup.py", "Python", 0, 0, 0, 0, 77, 0, 0, 0, 0, 0, 0, 0, 0, 0, 0, 0, 1, 19, 97
"c:\Users\floor\OneDrive - University of Twente\Documenten\mod 12\ModernityAndCodeQualityResearch\GithubAPI\python_repos\aiohttp\tests\autobahn\client\client.py", "Python", 0, 0, 0, 0, 23, 0, 0, 0, 0, 0, 0, 0, 0, 0, 0, 0, 1, 9, 33
"c:\Users\floor\OneDrive - University of Twente\Documenten\mod 12\ModernityAndCodeQualityResearch\GithubAPI\python_repos\aiohttp\tests\autobahn\client\fuzzingserver.json", "JSON", 0, 0, 0, 0, 0, 0, 0, 9, 0, 0, 0, 0, 0, 0, 0, 0, 0, 3, 12
"c:\Users\floor\OneDrive - University of Twente\Documenten\mod 12\ModernityAndCodeQualityResearch\GithubAPI\python_repos\aiohttp\tests\autobahn\server\fuzzingclient.json", "JSON", 0, 0, 0, 0, 0, 0, 0, 10, 0, 0, 0, 0, 0, 0, 0, 0, 0, 3, 13
"c:\Users\floor\OneDrive - University of Twente\Documenten\mod 12\ModernityAndCodeQualityResearch\GithubAPI\python_repos\aiohttp\tests\autobahn\server\server.py", "Python", 0, 0, 0, 0, 27, 0, 0, 0, 0, 0, 0, 0, 0, 0, 0, 0, 1, 14, 42
"c:\Users\floor\OneDrive - University of Twente\Documenten\mod 12\ModernityAndCodeQualityResearch\GithubAPI\python_repos\aiohttp\tests\autobahn\test_autobahn.py", "Python", 0, 0, 0, 0, 173, 0, 0, 0, 0, 0, 0, 0, 0, 0, 0, 0, 1, 21, 195
"c:\Users\floor\OneDrive - University of Twente\Documenten\mod 12\ModernityAndCodeQualityResearch\GithubAPI\python_repos\aiohttp\tests\conftest.py", "Python", 0, 0, 0, 0, 329, 0, 0, 0, 0, 0, 0, 0, 0, 0, 0, 0, 55, 105, 489
"c:\Users\floor\OneDrive - University of Twente\Documenten\mod 12\ModernityAndCodeQualityResearch\GithubAPI\python_repos\aiohttp\tests\github-urls.json", "JSON", 0, 0, 0, 0, 0, 0, 0, 653, 0, 0, 0, 0, 0, 0, 0, 0, 0, 1, 654
"c:\Users\floor\OneDrive - University of Twente\Documenten\mod 12\ModernityAndCodeQualityResearch\GithubAPI\python_repos\aiohttp\tests\isolated\check_for_client_response_leak.py", "Python", 0, 0, 0, 0, 37, 0, 0, 0, 0, 0, 0, 0, 0, 0, 0, 0, 1, 13, 51
"c:\Users\floor\OneDrive - University of Twente\Documenten\mod 12\ModernityAndCodeQualityResearch\GithubAPI\python_repos\aiohttp\tests\isolated\check_for_request_leak.py", "Python", 0, 0, 0, 0, 30, 0, 0, 0, 0, 0, 0, 0, 0, 0, 0, 0, 1, 12, 43
"c:\Users\floor\OneDrive - University of Twente\Documenten\mod 12\ModernityAndCodeQualityResearch\GithubAPI\python_repos\aiohttp\tests\test_base_protocol.py", "Python", 0, 0, 0, 0, 200, 0, 0, 0, 0, 0, 0, 0, 0, 0, 0, 0, 0, 57, 257
"c:\Users\floor\OneDrive - University of Twente\Documenten\mod 12\ModernityAndCodeQualityResearch\GithubAPI\python_repos\aiohttp\tests\test_benchmarks_client.py", "Python", 0, 0, 0, 0, 426, 0, 0, 0, 0, 0, 0, 0, 0, 0, 0, 0, 23, 118, 567
"c:\Users\floor\OneDrive - University of Twente\Documenten\mod 12\ModernityAndCodeQualityResearch\GithubAPI\python_repos\aiohttp\tests\test_benchmarks_client_request.py", "Python", 0, 0, 0, 0, 142, 0, 0, 0, 0, 0, 0, 0, 0, 0, 0, 0, 7, 33, 182
"c:\Users\floor\OneDrive - University of Twente\Documenten\mod 12\ModernityAndCodeQualityResearch\GithubAPI\python_repos\aiohttp\tests\test_benchmarks_client_ws.py", "Python", 0, 0, 0, 0, 134, 0, 0, 0, 0, 0, 0, 0, 0, 0, 0, 0, 6, 34, 174
"c:\Users\floor\OneDrive - University of Twente\Documenten\mod 12\ModernityAndCodeQualityResearch\GithubAPI\python_repos\aiohttp\tests\test_benchmarks_cookiejar.py", "Python", 0, 0, 0, 0, 14, 0, 0, 0, 0, 0, 0, 0, 0, 0, 0, 0, 6, 7, 27
"c:\Users\floor\OneDrive - University of Twente\Documenten\mod 12\ModernityAndCodeQualityResearch\GithubAPI\python_repos\aiohttp\tests\test_benchmarks_http_websocket.py", "Python", 0, 0, 0, 0, 90, 0, 0, 0, 0, 0, 0, 0, 0, 0, 0, 0, 12, 34, 136
"c:\Users\floor\OneDrive - University of Twente\Documenten\mod 12\ModernityAndCodeQualityResearch\GithubAPI\python_repos\aiohttp\tests\test_benchmarks_http_writer.py", "Python", 0, 0, 0, 0, 26, 0, 0, 0, 0, 0, 0, 0, 0, 0, 0, 0, 2, 6, 34
"c:\Users\floor\OneDrive - University of Twente\Documenten\mod 12\ModernityAndCodeQualityResearch\GithubAPI\python_repos\aiohttp\tests\test_benchmarks_web_fileresponse.py", "Python", 0, 0, 0, 0, 77, 0, 0, 0, 0, 0, 0, 0, 0, 0, 0, 0, 4, 25, 106
"c:\Users\floor\OneDrive - University of Twente\Documenten\mod 12\ModernityAndCodeQualityResearch\GithubAPI\python_repos\aiohttp\tests\test_benchmarks_web_middleware.py", "Python", 0, 0, 0, 0, 30, 0, 0, 0, 0, 0, 0, 0, 0, 0, 0, 0, 2, 12, 44
"c:\Users\floor\OneDrive - University of Twente\Documenten\mod 12\ModernityAndCodeQualityResearch\GithubAPI\python_repos\aiohttp\tests\test_benchmarks_web_request.py", "Python", 0, 0, 0, 0, 31, 0, 0, 0, 0, 0, 0, 0, 0, 0, 0, 0, 2, 10, 43
"c:\Users\floor\OneDrive - University of Twente\Documenten\mod 12\ModernityAndCodeQualityResearch\GithubAPI\python_repos\aiohttp\tests\test_benchmarks_web_response.py", "Python", 0, 0, 0, 0, 39, 0, 0, 0, 0, 0, 0, 0, 0, 0, 0, 0, 6, 18, 63
"c:\Users\floor\OneDrive - University of Twente\Documenten\mod 12\ModernityAndCodeQualityResearch\GithubAPI\python_repos\aiohttp\tests\test_benchmarks_web_urldispatcher.py", "Python", 0, 0, 0, 0, 428, 0, 0, 0, 0, 0, 0, 0, 0, 0, 0, 0, 25, 123, 576
"c:\Users\floor\OneDrive - University of Twente\Documenten\mod 12\ModernityAndCodeQualityResearch\GithubAPI\python_repos\aiohttp\tests\test_circular_imports.py", "Python", 0, 0, 0, 0, 75, 0, 0, 0, 0, 0, 0, 0, 0, 0, 0, 0, 28, 17, 120
"c:\Users\floor\OneDrive - University of Twente\Documenten\mod 12\ModernityAndCodeQualityResearch\GithubAPI\python_repos\aiohttp\tests\test_classbasedview.py", "Python", 0, 0, 0, 0, 39, 0, 0, 0, 0, 0, 0, 0, 0, 0, 0, 0, 0, 17, 56
"c:\Users\floor\OneDrive - University of Twente\Documenten\mod 12\ModernityAndCodeQualityResearch\GithubAPI\python_repos\aiohttp\tests\test_client_connection.py", "Python", 0, 0, 0, 0, 149, 0, 0, 0, 0, 0, 0, 0, 0, 0, 0, 0, 0, 38, 187
"c:\Users\floor\OneDrive - University of Twente\Documenten\mod 12\ModernityAndCodeQualityResearch\GithubAPI\python_repos\aiohttp\tests\test_client_exceptions.py", "Python", 0, 0, 0, 0, 270, 0, 0, 0, 0, 0, 0, 0, 0, 0, 0, 0, 1, 46, 317
"c:\Users\floor\OneDrive - University of Twente\Documenten\mod 12\ModernityAndCodeQualityResearch\GithubAPI\python_repos\aiohttp\tests\test_client_fingerprint.py", "Python", 0, 0, 0, 0, 23, 0, 0, 0, 0, 0, 0, 0, 0, 0, 0, 0, 0, 12, 35
"c:\Users\floor\OneDrive - University of Twente\Documenten\mod 12\ModernityAndCodeQualityResearch\GithubAPI\python_repos\aiohttp\tests\test_client_functional.py", "Python", 0, 0, 0, 0, 4208, 0, 0, 0, 0, 0, 0, 0, 0, 0, 0, 0, 276, 1401, 5885
"c:\Users\floor\OneDrive - University of Twente\Documenten\mod 12\ModernityAndCodeQualityResearch\GithubAPI\python_repos\aiohttp\tests\test_client_middleware.py", "Python", 0, 0, 0, 0, 861, 0, 0, 0, 0, 0, 0, 0, 0, 0, 0, 0, 139, 267, 1267
"c:\Users\floor\OneDrive - University of Twente\Documenten\mod 12\ModernityAndCodeQualityResearch\GithubAPI\python_repos\aiohttp\tests\test_client_middleware_digest_auth.py", "Python", 0, 0, 0, 0, 991, 0, 0, 0, 0, 0, 0, 0, 0, 0, 0, 0, 148, 218, 1357
"c:\Users\floor\OneDrive - University of Twente\Documenten\mod 12\ModernityAndCodeQualityResearch\GithubAPI\python_repos\aiohttp\tests\test_client_proto.py", "Python", 0, 0, 0, 0, 240, 0, 0, 0, 0, 0, 0, 0, 0, 0, 0, 0, 33, 78, 351
"c:\Users\floor\OneDrive - University of Twente\Documenten\mod 12\ModernityAndCodeQualityResearch\GithubAPI\python_repos\aiohttp\tests\test_client_request.py", "Python", 0, 0, 0, 0, 1673, 0, 0, 0, 0, 0, 0, 0, 0, 0, 0, 0, 117, 467, 2257
"c:\Users\floor\OneDrive - University of Twente\Documenten\mod 12\ModernityAndCodeQualityResearch\GithubAPI\python_repos\aiohttp\tests\test_client_response.py", "Python", 0, 0, 0, 0, 1388, 0, 0, 0, 0, 0, 0, 0, 0, 0, 0, 0, 32, 217, 1637
"c:\Users\floor\OneDrive - University of Twente\Documenten\mod 12\ModernityAndCodeQualityResearch\GithubAPI\python_repos\aiohttp\tests\test_client_session.py", "Python", 0, 0, 0, 0, 1199, 0, 0, 0, 0, 0, 0, 0, 0, 0, 0, 0, 57, 269, 1525
"c:\Users\floor\OneDrive - University of Twente\Documenten\mod 12\ModernityAndCodeQualityResearch\GithubAPI\python_repos\aiohttp\tests\test_client_ws.py", "Python", 0, 0, 0, 0, 829, 0, 0, 0, 0, 0, 0, 0, 0, 0, 0, 0, 8, 168, 1005
"c:\Users\floor\OneDrive - University of Twente\Documenten\mod 12\ModernityAndCodeQualityResearch\GithubAPI\python_repos\aiohttp\tests\test_client_ws_functional.py", "Python", 0, 0, 0, 0, 1180, 0, 0, 0, 0, 0, 0, 0, 0, 0, 0, 0, 65, 375, 1620
"c:\Users\floor\OneDrive - University of Twente\Documenten\mod 12\ModernityAndCodeQualityResearch\GithubAPI\python_repos\aiohttp\tests\test_compression_utils.py", "Python", 0, 0, 0, 0, 70, 0, 0, 0, 0, 0, 0, 0, 0, 0, 0, 0, 3, 17, 90
"c:\Users\floor\OneDrive - University of Twente\Documenten\mod 12\ModernityAndCodeQualityResearch\GithubAPI\python_repos\aiohttp\tests\test_connector.py", "Python", 0, 0, 0, 0, 3544, 0, 0, 0, 0, 0, 0, 0, 0, 0, 0, 0, 195, 947, 4686
"c:\Users\floor\OneDrive - University of Twente\Documenten\mod 12\ModernityAndCodeQualityResearch\GithubAPI\python_repos\aiohttp\tests\test_cookie_helpers.py", "Python", 0, 0, 0, 0, 1110, 0, 0, 0, 0, 0, 0, 0, 0, 0, 0, 0, 321, 361, 1792
"c:\Users\floor\OneDrive - University of Twente\Documenten\mod 12\ModernityAndCodeQualityResearch\GithubAPI\python_repos\aiohttp\tests\test_cookiejar.py", "Python", 0, 0, 0, 0, 1200, 0, 0, 0, 0, 0, 0, 0, 0, 0, 0, 0, 125, 344, 1669
"c:\Users\floor\OneDrive - University of Twente\Documenten\mod 12\ModernityAndCodeQualityResearch\GithubAPI\python_repos\aiohttp\tests\test_flowcontrol_streams.py", "Python", 0, 0, 0, 0, 103, 0, 0, 0, 0, 0, 0, 0, 0, 0, 0, 0, 0, 28, 131
"c:\Users\floor\OneDrive - University of Twente\Documenten\mod 12\ModernityAndCodeQualityResearch\GithubAPI\python_repos\aiohttp\tests\test_formdata.py", "Python", 0, 0, 0, 0, 204, 0, 0, 0, 0, 0, 0, 0, 0, 0, 0, 0, 23, 78, 305
"c:\Users\floor\OneDrive - University of Twente\Documenten\mod 12\ModernityAndCodeQualityResearch\GithubAPI\python_repos\aiohttp\tests\test_helpers.py", "Python", 0, 0, 0, 0, 908, 0, 0, 0, 0, 0, 0, 0, 0, 0, 0, 0, 37, 244, 1189
"c:\Users\floor\OneDrive - University of Twente\Documenten\mod 12\ModernityAndCodeQualityResearch\GithubAPI\python_repos\aiohttp\tests\test_http_exceptions.py", "Python", 0, 0, 0, 0, 127, 0, 0, 0, 0, 0, 0, 0, 0, 0, 0, 0, 1, 28, 156
"c:\Users\floor\OneDrive - University of Twente\Documenten\mod 12\ModernityAndCodeQualityResearch\GithubAPI\python_repos\aiohttp\tests\test_http_parser.py", "Python", 0, 0, 0, 0, 2361, 0, 0, 0, 0, 0, 0, 0, 0, 0, 0, 0, 290, 36, 2687
"c:\Users\floor\OneDrive - University of Twente\Documenten\mod 12\ModernityAndCodeQualityResearch\GithubAPI\python_repos\aiohttp\tests\test_http_writer.py", "Python", 0, 0, 0, 0, 1039, 0, 0, 0, 0, 0, 0, 0, 0, 0, 0, 0, 166, 345, 1550
"c:\Users\floor\OneDrive - University of Twente\Documenten\mod 12\ModernityAndCodeQualityResearch\GithubAPI\python_repos\aiohttp\tests\test_imports.py", "Python", 0, 0, 0, 0, 42, 0, 0, 0, 0, 0, 0, 0, 0, 0, 0, 0, 9, 10, 61
"c:\Users\floor\OneDrive - University of Twente\Documenten\mod 12\ModernityAndCodeQualityResearch\GithubAPI\python_repos\aiohttp\tests\test_leaks.py", "Python", 0, 0, 0, 0, 27, 0, 0, 0, 0, 0, 0, 0, 0, 0, 0, 0, 5, 6, 38
"c:\Users\floor\OneDrive - University of Twente\Documenten\mod 12\ModernityAndCodeQualityResearch\GithubAPI\python_repos\aiohttp\tests\test_loop.py", "Python", 0, 0, 0, 0, 43, 0, 0, 0, 0, 0, 0, 0, 0, 0, 0, 0, 1, 17, 61
"c:\Users\floor\OneDrive - University of Twente\Documenten\mod 12\ModernityAndCodeQualityResearch\GithubAPI\python_repos\aiohttp\tests\test_multipart.py", "Python", 0, 0, 0, 0, 1524, 0, 0, 0, 0, 0, 0, 0, 0, 0, 0, 0, 42, 265, 1831
"c:\Users\floor\OneDrive - University of Twente\Documenten\mod 12\ModernityAndCodeQualityResearch\GithubAPI\python_repos\aiohttp\tests\test_multipart_helpers.py", "Python", 0, 0, 0, 0, 589, 0, 0, 0, 0, 0, 0, 0, 0, 0, 0, 0, 2, 109, 700
"c:\Users\floor\OneDrive - University of Twente\Documenten\mod 12\ModernityAndCodeQualityResearch\GithubAPI\python_repos\aiohttp\tests\test_payload.py", "Python", 0, 0, 0, 0, 826, 0, 0, 0, 0, 0, 0, 0, 0, 0, 0, 0, 224, 360, 1410
"c:\Users\floor\OneDrive - University of Twente\Documenten\mod 12\ModernityAndCodeQualityResearch\GithubAPI\python_repos\aiohttp\tests\test_proxy.py", "Python", 0, 0, 0, 0, 1080, 0, 0, 0, 0, 0, 0, 0, 0, 0, 0, 0, 8, 82, 1170
"c:\Users\floor\OneDrive - University of Twente\Documenten\mod 12\ModernityAndCodeQualityResearch\GithubAPI\python_repos\aiohttp\tests\test_proxy_functional.py", "Python", 0, 0, 0, 0, 738, 0, 0, 0, 0, 0, 0, 0, 0, 0, 0, 0, 43, 227, 1008
"c:\Users\floor\OneDrive - University of Twente\Documenten\mod 12\ModernityAndCodeQualityResearch\GithubAPI\python_repos\aiohttp\tests\test_pytest_plugin.py", "Python", 0, 0, 0, 0, 311, 0, 0, 0, 0, 0, 0, 0, 0, 0, 0, 0, 1, 21, 333
"c:\Users\floor\OneDrive - University of Twente\Documenten\mod 12\ModernityAndCodeQualityResearch\GithubAPI\python_repos\aiohttp\tests\test_resolver.py", "Python", 0, 0, 0, 0, 441, 0, 0, 0, 0, 0, 0, 0, 0, 0, 0, 0, 77, 145, 663
"c:\Users\floor\OneDrive - University of Twente\Documenten\mod 12\ModernityAndCodeQualityResearch\GithubAPI\python_repos\aiohttp\tests\test_route_def.py", "Python", 0, 0, 0, 0, 211, 0, 0, 0, 0, 0, 0, 0, 0, 0, 0, 0, 0, 111, 322
"c:\Users\floor\OneDrive - University of Twente\Documenten\mod 12\ModernityAndCodeQualityResearch\GithubAPI\python_repos\aiohttp\tests\test_run_app.py", "Python", 0, 0, 0, 0, 1134, 0, 0, 0, 0, 0, 0, 0, 0, 0, 0, 0, 17, 204, 1355
"c:\Users\floor\OneDrive - University of Twente\Documenten\mod 12\ModernityAndCodeQualityResearch\GithubAPI\python_repos\aiohttp\tests\test_streams.py", "Python", 0, 0, 0, 0, 1195, 0, 0, 0, 0, 0, 0, 0, 0, 0, 0, 0, 104, 413, 1712
"c:\Users\floor\OneDrive - University of Twente\Documenten\mod 12\ModernityAndCodeQualityResearch\GithubAPI\python_repos\aiohttp\tests\test_tcp_helpers.py", "Python", 0, 0, 0, 0, 52, 0, 0, 0, 0, 0, 0, 0, 0, 0, 0, 0, 5, 18, 75
"c:\Users\floor\OneDrive - University of Twente\Documenten\mod 12\ModernityAndCodeQualityResearch\GithubAPI\python_repos\aiohttp\tests\test_test_utils.py", "Python", 0, 0, 0, 0, 300, 0, 0, 0, 0, 0, 0, 0, 0, 0, 0, 0, 3, 95, 398
"c:\Users\floor\OneDrive - University of Twente\Documenten\mod 12\ModernityAndCodeQualityResearch\GithubAPI\python_repos\aiohttp\tests\test_tracing.py", "Python", 0, 0, 0, 0, 138, 0, 0, 0, 0, 0, 0, 0, 0, 0, 0, 0, 1, 17, 156
"c:\Users\floor\OneDrive - University of Twente\Documenten\mod 12\ModernityAndCodeQualityResearch\GithubAPI\python_repos\aiohttp\tests\test_urldispatch.py", "Python", 0, 0, 0, 0, 1051, 0, 0, 0, 0, 0, 0, 0, 0, 0, 0, 0, 17, 349, 1417
"c:\Users\floor\OneDrive - University of Twente\Documenten\mod 12\ModernityAndCodeQualityResearch\GithubAPI\python_repos\aiohttp\tests\test_web_app.py", "Python", 0, 0, 0, 0, 492, 0, 0, 0, 0, 0, 0, 0, 0, 0, 0, 0, 6, 154, 652
"c:\Users\floor\OneDrive - University of Twente\Documenten\mod 12\ModernityAndCodeQualityResearch\GithubAPI\python_repos\aiohttp\tests\test_web_cli.py", "Python", 0, 0, 0, 0, 110, 0, 0, 0, 0, 0, 0, 0, 0, 0, 0, 0, 0, 52, 162
"c:\Users\floor\OneDrive - University of Twente\Documenten\mod 12\ModernityAndCodeQualityResearch\GithubAPI\python_repos\aiohttp\tests\test_web_exceptions.py", "Python", 0, 0, 0, 0, 345, 0, 0, 0, 0, 0, 0, 0, 0, 0, 0, 0, 0, 76, 421
"c:\Users\floor\OneDrive - University of Twente\Documenten\mod 12\ModernityAndCodeQualityResearch\GithubAPI\python_repos\aiohttp\tests\test_web_functional.py", "Python", 0, 0, 0, 0, 1788, 0, 0, 0, 0, 0, 0, 0, 0, 0, 0, 0, 40, 600, 2428
"c:\Users\floor\OneDrive - University of Twente\Documenten\mod 12\ModernityAndCodeQualityResearch\GithubAPI\python_repos\aiohttp\tests\test_web_log.py", "Python", 0, 0, 0, 0, 377, 0, 0, 0, 0, 0, 0, 0, 0, 0, 0, 0, 24, 80, 481
"c:\Users\floor\OneDrive - University of Twente\Documenten\mod 12\ModernityAndCodeQualityResearch\GithubAPI\python_repos\aiohttp\tests\test_web_middleware.py", "Python", 0, 0, 0, 0, 452, 0, 0, 0, 0, 0, 0, 0, 0, 0, 0, 0, 4, 78, 534
"c:\Users\floor\OneDrive - University of Twente\Documenten\mod 12\ModernityAndCodeQualityResearch\GithubAPI\python_repos\aiohttp\tests\test_web_protocol.py", "Python", 0, 0, 0, 0, 37, 0, 0, 0, 0, 0, 0, 0, 0, 0, 0, 0, 0, 15, 52
"c:\Users\floor\OneDrive - University of Twente\Documenten\mod 12\ModernityAndCodeQualityResearch\GithubAPI\python_repos\aiohttp\tests\test_web_request.py", "Python", 0, 0, 0, 0, 913, 0, 0, 0, 0, 0, 0, 0, 0, 0, 0, 0, 74, 262, 1249
"c:\Users\floor\OneDrive - University of Twente\Documenten\mod 12\ModernityAndCodeQualityResearch\GithubAPI\python_repos\aiohttp\tests\test_web_request_handler.py", "Python", 0, 0, 0, 0, 41, 0, 0, 0, 0, 0, 0, 0, 0, 0, 0, 0, 0, 22, 63
"c:\Users\floor\OneDrive - University of Twente\Documenten\mod 12\ModernityAndCodeQualityResearch\GithubAPI\python_repos\aiohttp\tests\test_web_response.py", "Python", 0, 0, 0, 0, 1120, 0, 0, 0, 0, 0, 0, 0, 0, 0, 0, 0, 36, 436, 1592
"c:\Users\floor\OneDrive - University of Twente\Documenten\mod 12\ModernityAndCodeQualityResearch\GithubAPI\python_repos\aiohttp\tests\test_web_runner.py", "Python", 0, 0, 0, 0, 235, 0, 0, 0, 0, 0, 0, 0, 0, 0, 0, 0, 10, 78, 323
"c:\Users\floor\OneDrive - University of Twente\Documenten\mod 12\ModernityAndCodeQualityResearch\GithubAPI\python_repos\aiohttp\tests\test_web_sendfile.py", "Python", 0, 0, 0, 0, 129, 0, 0, 0, 0, 0, 0, 0, 0, 0, 0, 0, 12, 53, 194
"c:\Users\floor\OneDrive - University of Twente\Documenten\mod 12\ModernityAndCodeQualityResearch\GithubAPI\python_repos\aiohttp\tests\test_web_sendfile_functional.py", "Python", 0, 0, 0, 0, 901, 0, 0, 0, 0, 0, 0, 0, 0, 0, 0, 0, 53, 268, 1222
"c:\Users\floor\OneDrive - University of Twente\Documenten\mod 12\ModernityAndCodeQualityResearch\GithubAPI\python_repos\aiohttp\tests\test_web_server.py", "Python", 0, 0, 0, 0, 360, 0, 0, 0, 0, 0, 0, 0, 0, 0, 0, 0, 28, 106, 494
"c:\Users\floor\OneDrive - University of Twente\Documenten\mod 12\ModernityAndCodeQualityResearch\GithubAPI\python_repos\aiohttp\tests\test_web_urldispatcher.py", "Python", 0, 0, 0, 0, 714, 0, 0, 0, 0, 0, 0, 0, 0, 0, 0, 0, 78, 226, 1018
"c:\Users\floor\OneDrive - University of Twente\Documenten\mod 12\ModernityAndCodeQualityResearch\GithubAPI\python_repos\aiohttp\tests\test_web_websocket.py", "Python", 0, 0, 0, 0, 569, 0, 0, 0, 0, 0, 0, 0, 0, 0, 0, 0, 3, 188, 760
"c:\Users\floor\OneDrive - University of Twente\Documenten\mod 12\ModernityAndCodeQualityResearch\GithubAPI\python_repos\aiohttp\tests\test_web_websocket_functional.py", "Python", 0, 0, 0, 0, 1171, 0, 0, 0, 0, 0, 0, 0, 0, 0, 0, 0, 75, 408, 1654
"c:\Users\floor\OneDrive - University of Twente\Documenten\mod 12\ModernityAndCodeQualityResearch\GithubAPI\python_repos\aiohttp\tests\test_websocket_data_queue.py", "Python", 0, 0, 0, 0, 25, 0, 0, 0, 0, 0, 0, 0, 0, 0, 0, 0, 0, 12, 37
"c:\Users\floor\OneDrive - University of Twente\Documenten\mod 12\ModernityAndCodeQualityResearch\GithubAPI\python_repos\aiohttp\tests\test_websocket_handshake.py", "Python", 0, 0, 0, 0, 210, 0, 0, 0, 0, 0, 0, 0, 0, 0, 0, 0, 4, 83, 297
"c:\Users\floor\OneDrive - University of Twente\Documenten\mod 12\ModernityAndCodeQualityResearch\GithubAPI\python_repos\aiohttp\tests\test_websocket_parser.py", "Python", 0, 0, 0, 0, 506, 0, 0, 0, 0, 0, 0, 0, 0, 0, 0, 0, 11, 163, 680
"c:\Users\floor\OneDrive - University of Twente\Documenten\mod 12\ModernityAndCodeQualityResearch\GithubAPI\python_repos\aiohttp\tests\test_websocket_writer.py", "Python", 0, 0, 0, 0, 228, 0, 0, 0, 0, 0, 0, 0, 0, 0, 0, 0, 55, 59, 342
"c:\Users\floor\OneDrive - University of Twente\Documenten\mod 12\ModernityAndCodeQualityResearch\GithubAPI\python_repos\aiohttp\tests\test_worker.py", "Python", 0, 0, 0, 0, 225, 0, 0, 0, 0, 0, 0, 0, 0, 0, 0, 0, 1, 66, 292
"c:\Users\floor\OneDrive - University of Twente\Documenten\mod 12\ModernityAndCodeQualityResearch\GithubAPI\python_repos\aiohttp\tools\bench-asyncio-write.py", "Python", 0, 0, 0, 0, 104, 0, 0, 0, 0, 0, 0, 0, 0, 0, 0, 0, 1, 28, 133
"c:\Users\floor\OneDrive - University of Twente\Documenten\mod 12\ModernityAndCodeQualityResearch\GithubAPI\python_repos\aiohttp\tools\check_changes.py", "Python", 0, 0, 0, 0, 48, 0, 0, 0, 0, 0, 0, 0, 0, 0, 0, 0, 1, 11, 60
"c:\Users\floor\OneDrive - University of Twente\Documenten\mod 12\ModernityAndCodeQualityResearch\GithubAPI\python_repos\aiohttp\tools\check_sum.py", "Python", 0, 0, 0, 0, 43, 0, 0, 0, 0, 0, 0, 0, 0, 0, 0, 0, 1, 7, 51
"c:\Users\floor\OneDrive - University of Twente\Documenten\mod 12\ModernityAndCodeQualityResearch\GithubAPI\python_repos\aiohttp\tools\cleanup_changes.py", "Python", 0, 0, 0, 0, 35, 0, 0, 0, 0, 0, 0, 0, 0, 0, 0, 0, 3, 8, 46
"c:\Users\floor\OneDrive - University of Twente\Documenten\mod 12\ModernityAndCodeQualityResearch\GithubAPI\python_repos\aiohttp\tools\drop_merged_branches.sh", "Shell Script", 0, 0, 1, 0, 0, 0, 0, 0, 0, 0, 0, 0, 0, 0, 0, 0, 1, 2, 4
"c:\Users\floor\OneDrive - University of Twente\Documenten\mod 12\ModernityAndCodeQualityResearch\GithubAPI\python_repos\aiohttp\tools\gen.py", "Python", 0, 0, 0, 0, 137, 0, 0, 0, 0, 0, 0, 0, 0, 0, 0, 0, 3, 35, 175
"c:\Users\floor\OneDrive - University of Twente\Documenten\mod 12\ModernityAndCodeQualityResearch\GithubAPI\python_repos\aiohttp\tools\testing\Dockerfile", "Docker", 0, 0, 0, 0, 0, 11, 0, 0, 0, 0, 0, 0, 0, 0, 0, 0, 0, 5, 16
"c:\Users\floor\OneDrive - University of Twente\Documenten\mod 12\ModernityAndCodeQualityResearch\GithubAPI\python_repos\aiohttp\tools\testing\entrypoint.sh", "Shell Script", 0, 0, 2, 0, 0, 0, 0, 0, 0, 0, 0, 0, 0, 0, 0, 0, 1, 3, 6
"c:\Users\floor\OneDrive - University of Twente\Documenten\mod 12\ModernityAndCodeQualityResearch\GithubAPI\python_repos\aiohttp\vendor\README.rst", "reStructuredText", 15, 0, 0, 0, 0, 0, 0, 0, 0, 0, 0, 0, 0, 0, 0, 0, 0, 9, 24
"Total", "-", 14485, 1274, 3, 35, 67017, 11, 75, 672, 290, 58, 94, 10, 1042, 6, 98, 212, 9164, 27154, 121700